"My predictions have been doing well for the past three weeks so, for fun, my next guess is that we see continued strength leading up to the hard fork, probably $6k-$6.5k

I also think the segwit2x is going to end up stronger than a lot of people and the futures markets give it credit for."
"Well, we caught som ~5800 and are now back to 5500.

Without looking at a chart, I'd guess we're back to where we would have been at anyway if it wasn't for the 2900-dip a few weeks back."
"The bias here is of the same style as the one with Trump. The format ""<person> <strong verb> <something we are supposed to take as truth even though it's nothing like the truth>"". The Trump title is has ""Trump"", ""Pushes back"", ""Report about increasing nuclear arsenal"" filling these blocks.

In the 3rd title, it is ""Theresa May"", ""Won't say"", ""Second referendum"". The media is trying to make the reader take the existence of ""Second referendum"" as given, while drawing the attention to a very logical statement by the PM. (I purposely don't want to get into the trivial discussion on the fact that a basic principle in all democracies is that no one should be forced to disclose what they voted - that is the level of discussion the media would like us to focus on.)

The real discussion is - WHAT second referendum? What is the meaning of having a 2nd referendum? Are referendums to be repeated until people vote in a way that the media defines as ""correct""? A case can be made to repeat a referendum after, say, 10-20 years, but it directly defeats the purpose of a yes/no vote, if you keep on running referendums until you get a ""no"".
"
"What's the bias of the third link (the one I was talking about). 

> just suggest that what they were parroting might be false, and that they should actually think for themselves

But it's a report about an interview May did on LBC. What exactly are you suggesting has been made up? Your analysis of what happened is less insightful that MSM analysis so far."
Same amounts or it depends on the value at that point?
"Dust UTXOs can't be spent because their value is less than the cost of spending them in a fee market.
"
"Without a path I cannot transact. The same way that without a bank you can't send an international wire, and banks need to establish a path. And that allows the creation of something as draconian as FATCA, for instance. 

In real Bitcoin I do not need a path of people willing to let me transact in order to do so. No relationship between sender,  receiver and miner is even necessary. "
"Doubling the blocksize back in January 2016 was clearly better in every way but was shot down by Core.  Your statement is bullshit.
"
"> Minor correction

Please don't upset the miners. "
">  you deplored it without measuring the benefits an publishing the real wold test data.

Of course we [measured and published the results](https://lists.linuxfoundation.org/pipermail/bitcoin-dev/2016-May/012625.html) and did others.  We also didn't deploy it without formally specifying (as BU did with Xthin), nor did we deploy it without peer review (as did BU), and we didn't deploy it without making sure the implementation didn't contain vulnerabilities (such as those BU and Classic had due to Xthin), nor did we deploy it with substantial protocol design flaws (the collision vulnerability in Xthin; which also later turned into an exploitable DOS attack on BU nodes).

> Who knows if compact blocks can even scale above 1MB. 

Ironically, compact blocks scalablity is fairly straight forward-- it's inherently linear in bandwidth until the chance probability of collision of six byte IDs becomes non-negligible (calculations for this are given in the BIP) then it degrades fairly gracefully (which was experimentally verified by artificially reducing it to two and three byte IDs in testing).  Because of the bloom filter, xthin has inherently worse than-linear bandwidth usage (bloom filter size is n log n; but with constant factors that make the disadvantage small until relatively large sizes).
"
Did they fix the xthin vulnerability that was attacked earlier this year? 
"From the whitepaper:

>The incentive may help encourage nodes to stay honest. If a greedy attacker is able to
assemble more CPU power than all the honest nodes, he would have to choose between using it
to defraud people by stealing back his payments, or using it to generate new coins. He ought to
find it more profitable to play by the rules, such rules that favour him with more new coins than
everyone else combined, than to undermine the system and the validity of his own wealth."
"Yes,  and the less transactions that propagate as a result of an overloaded network results in longer validation times as as  block needs to be fully validated before it is relayed to the network. 

The net byproduct of longer validation times is orphaned blocks and lost revenue. So miners have an economic incentive to avoid orphaned blocks by ensuring they are not including transactions that have not fully propagated the network. IE they have an incentive to run block size within the capacity of the network. 

Xthin just allows the network to use less bandwidth and make effective use of the bandwidth that is available. 
"
"Ok, thanks! Then the originally mentioned ""20..50 MB"" for 1 GB blocks is misleading. Correct would be:

* If in a far future when we have 1 GB blocks, then the amount of data that needs to be stored is 1 GB per block irrespective of Xthin (and not ""20..50 MB instead of 1 GB thanks to Xthin"" as stated earlier somewhere).

* If in a far future when we have 1 GB blocks, then the amount of data that needs to transferred per block is 1 GB instead of many GBs thanks to Xthin (and not ""20..50 MB instead of 1 GB thanks to Xthin"", as stated earlier somewhere)."
"> LOL, I just checked the link, its just some kid with blue hair on a computer saying words.

Nevermind the fact that I'm not even linking to a post of Matt's--

Matt is one of the longest standing and most experienced Bitcoin developers-- by active months count he is third behind Pieter and Wladimir.

The original design of xthin itself was [copied from his earlier proposal](https://www.reddit.com/r/btc/comments/4ib8sm/we_need_a_new_place_to_review_bips/d2wwbm0/), the bloom filter code and serialization design that xthin uses was [created by him](https://github.com/Bitcoin/bitcoin/commit/bd21612c37cf4f2df3a6926beff8a7f89714235e)... In total I believe that he wrote more of BU than all ""BU developers"" combined. 

Matt is not a kid, but if he were one wouldn't it just be extra sad that all of BU combined looks more or less useless in comparison to his work? But is an ageist ad hominem the only counter you have?   

> get a life and publish a peer reviewed data in a peer reviewed document stop with your crap. 

The work on compact blocks was done in a peer reviewed venue-- the Bitcoin development list.  In fact, among many others Peter R reviewed it (and revealed that he didn't understand [the mathematics of collisions](https://lists.linuxfoundation.org/pipermail/bitcoin-dev/2016-May/012648.html) in the process)-- the specification also changed in response to review e.g. Tom Zander complained about the new normative variable length integer used in the getblocktxn, and while we didn't take his suggestion of bastardizing UTF8 text encoding to do it, we did change the getblocktxn to just use the varint that was preexisting in the Bitcoin P2P protocol since doing so simplified the proposal.  By contrast, Xthin's work was published in mass media venues which were not subject to external review, and the work was done without a the specification needed to even make review possible."
Except if the miners are the only nodes that are validating blocks, then literally nobody would even know a 51% attack occurred, or that extra coins were minted. This is why we need non mining full nodes.
Yes they did.
"There would be no point in having 1 GB blocks if they were always full.  A better way of estimating the required storage for blocks is to consider the total size of all transactions.  This must be stored for a suitable period of time, perhaps several months.  It is necessary to keep the unspent transaction data, which is much smaller, and is more related to the number of bitcoin users than to their transaction volume.  (This assumes no ridiculous fee market that creates many dust transactions that clutter up the UTXO database.)
"
And you think your residential internet connection is safe from the government? LOL! What ISP do you have thatâ€™s going to protect you over listening to some hypothetical government order to block nodes in their network.
"SPV entails no additional trust. Bitcoin is premised on miners being intelligently profit-seeking. SPV wallets and ""full-node"" wallets are equally secure under those conditions. And if miners wanted to shaft Bitcoin there is a far more damaging attack than the invalid block attack you are implicitly concerned about. This far worse attack is known as doublespending. ""Full nodes"" are useless against this attack, since it uses perfectly valid blocks. 

Miners are like guys with guns who have no incentive to shoot you, and ""full nodes"" are like gas masks. They guard against a much weaker attack that if a miner were to go crazy he wouldn't even use because he has a powerful gun and you have no bulletproof vest (despite apparently convincing yourself your gas mask is a bulletproof vest)."
Yawn. And somehow none of you have a single clue how to increase capacity on your pathetic weak chain. Outstanding!
You're not trusting any specific party. You're at most trusting the network isn't under a >50% attack. Other than that the SPV node can verify everything is correct by checking the cryptographic proofs it needs. But it only checks the block headers and the transactions it's interested on. 
Correct, It doesn't ask for verification (as you stated before), it asks for PROOF and then validates the given proof.
"So the mechanism is to avoid sending same data multiple times.

"
What do I seem ignorant about exactly? 
"> Of course we measured and published the results and did others.

LOL, I just checked the link, its just some kid with blue hair on a computer saying words.

get a life and publish a peer reviewed data in a peer reviewed document stop with your crap.  

"
Correct! You still have to have the data but don't have to receive it again.
">The incentive may help encourage nodes to stay honest. If a greedy attacker is able to
assemble more CPU power than all the honest nodes, he would have to choose between using it
to defraud people by stealing back his payments, or using it to generate new coins. He ought to
find it more profitable to play by the rules, such rules that favour him with more new coins than
everyone else combined, than to undermine the system and the validity of his own wealth.

Are suggesting that the economic incentives are wrong?"
"Blocks with doublespent transactions, the very shadiest thing that can be done, won't be dropped by any so-called full node. A ""full node"" is equally as defenseless against doublespends as an SPV wallet.

Bitcoin is not premised on trusting miners. Bitcoin is premised on trusting that miners seek profit intelligently. Subtle difference in English, but almost a 180-degree difference in meaning."
[deleted]
I down voted myself to keep it real, like Bitcoin
"> if you had to trust miners

They are bound by game theory, that's the point"
You can easily verify that brach is correct by checking the PoW at the headers. You're not trusting anyone, you verify yourself. 
Lmao with the quality of your articles someone really should be paying you. They're definitely on par with professional work.
"> This assumes no ridiculous fee market that creates many dust transactions that clutter up the UTXO database

Can you elaborate why a fee market increases dust? I'd assume the opposite. As fees get higher, transactions with lots of dust will no longer be worthwhile, so there will be less dust."
Uh, full nodes absolutely can verify that the blocks miners create conform to all consensus rules and are thus valid. That SPV nodes cannot is a big problem with the viewpoint that SPV nodes should make up the majority of clients.
You wrote â€œBecause you seem ignorantâ€?  I havenâ€™t made any other messages besides that and this one.  Really goes to show how ignorant you are.
"I believe this problem can be overcome if you have your own domain name and provide suitable authenticating information in your DNS records.
 
https://en.wikipedia.org/wiki/Email_authentication


"
"**Email authentication**

Email authentication, or validation, is a collection of techniques aimed at equipping messages of the email transport system with verifiable information about their origin. It is a coarse-grained authentication, usually at Administrative Management Domain (ADMD)  level or message transfer agent level, and implies no sort of authorization. That is, the purpose of email authentication is to validate the identities of the ADMDs or MTAs who participated in transferring and possibly modifying a message. The results of such validation can then be used in email filtering, and can assist recipients when selecting an appropriate action or reply to an incoming message.

***

^[ [^PM](https://www.reddit.com/message/compose?to=kittens_from_space) ^| [^Exclude ^me](https://reddit.com/message/compose?to=WikiTextBot&message=Excludeme&subject=Excludeme) ^| [^Exclude ^from ^subreddit](https://np.reddit.com/r/btc/about/banned) ^| [^FAQ ^/ ^Information](https://np.reddit.com/r/WikiTextBot/wiki/index) ^| [^Source](https://github.com/kittenswolf/WikiTextBot)   ^]
^Downvote ^to ^remove ^| ^v0.27"
"I don't think its a secret that my last article was published on Bitcoin.com.  What, is the dragon's den now going to push the ""jonald is a paid shill of roger now"".  Please do, it will be pretty entertaining! :)"
"SPV can prove that a transaction is in the most-work chain. It is vulnerable to momentary anomalies where a minority miner (who for some reason is mining invalid blocks) temporarily gets a few lucky blocks out ahead of the majority, but is secure if a few extra confirmations are waited for, since the math rapidly diminishes the possibility of a minority miner staying in the lead toward zero. Statistical certainty for any practical application comes on average just a few minutes after the same for ""full nodes.""  

However, while a ""full node"" requires no confirmations to guard against this oddball attack, it is equally vulnerable to the much more viable and damaging attack: the doublespend in a 51% attack. 

People spread FUD about SPV wallets by essentially saying SPV is like having no locks on your doors or windows. What they aren't telling you is that so-called ""full nodes"" merely lock the windows while leaving the doors wide open. A miner who went rogue would do a doublespend (walk through the front door) rather than an invalid block attack (try to struggle through a window), as the former is far more damaging.

See also the ending section of this: https://bitcrust.org/blog-fraud-proofs"
"> nothing for decentralization

Full nodes do nothing in regards to decentralization, they only improve latency of Bitcoin network. No more, no less. Not a Sybil-proof tool"
"There isn't much need for 1000x increase in VISA transaction capacity, the population won't increase that much, and even onboarding 3rd world areas, would only lead to several fold increase. 
There is a upper limit to needed capacity in regards to what credit cards are presently used for. 

Just sayin, there is actually a roof on ""needed"" capacity to replace the current credit card system."
You'll probably just be using VISA's Bitcoin channel at this point. Yay for corporate takeovers!
"I suspect that the total number of transactions people are performing is far less than 1000x Visa's current capacity.  Not going to happen.
"
OP showing results from a designed scientific investigation that may pave the way to improved technology, and then chaff like you show up, contributing nothing but abuse and foul language. You are dead weight so please just go away and take your stinking attitude with you.
Why would you think he was using bitcoin core?
Yet Bitcoin Core is only interested in limiting the system to 1MB so they can push everyone onto their L2. Actions speak louder than words...
[deleted]
Spot on... forgot to include that one.
"I dont know, I dont run my own full node. And I dont need to. 

Despite what the core trolls say, light wallets are brilliant, and you dont need to be able to run a full node on a raspberry pi and an internet connection made of spaghetti for bitcoin to not be ""attacked"" or ""destroyed""

Big blocks like this are a brilliant thing, and do exactly what satoshi intended.

I think that right now in this moment gigabyte blocks would be silly, for the simple reason that the capacity isnt needed yet.

But if in future bitcoin becomes so widely used that gigabyte blocks are needed then the ability to scale to that size is fantastic"
Lots of bottlenecks and issues.  I will describe them in a post next week probably.
Can light wallets validate all consensus rules? If so, can you explain how? 
By then, Visa will have significantly **diminished** its capacity because people won't be using it. They'll  be using cryptocurrency instead. 
"There'll be both full ledgers and pruned ledgers existing simultaneously (Tangle is interesting). Different purposes. U don't need and rather don't want that a ""cup of coffee"" tx to be stored indefinitely. U may feel good to erase your earlier non-significant or private tx' history + this information can be not expensive enough to store forever. That being said, mankind undoubtedly find a great good in immutable history. My guess Bitcoin's ledger will be the immutable one and other open blockchains fit niches of pruned history"
I am not paid by bilderburg, but since you've brought up the subject-- perhaps you'd like to disclose to us who's paying you?  It would be especially interesting who is sponsoring your inaccurate anti-lightning and anti-segwit hit pieces.
Good question but no. Xthin works by using already propogated data about mempool transactions to describe how a block was put together so it can be recreated and verified on the other side. Traditional block propogation sends the entire block even the transactions that a node may have already downloaded. Xthin (and similar technologies) remove that duplication of effort.
"Schnorr and FlexTrans will make transactions much smaller!

Schnorr will come in future, FlexTrans is already implemented in Bitcoin Classic, but not active in the network."
Would be equivalent to the orphan rate of something like 10mb to 50mb blocks
You need to increase your connectivity and write some code to push the same data out efficiently...
"compact blocks have no real world test data so there is nothing to measure except controlled optimized tests.

PS its largely irrelevant because 1MB forever Bcore won't ever need bigger blocks anyway. "
[deleted]
At least the bandwidth is not used for an endless amount of RBF transactions that are replaced and not even making it into the blockchain.
Tell me about velocity of money theory please... 
Ok mom
"Who is even trying to store content on the Bitcoin blockchain? It's one of the least convenient ways to store data. Online storage is already cheap enough to never worry about something like that.

Do you see Bitcoin Cash chain stuffed full of data?  Neither do I."
"nullc only shows up in a thread when he feels threatened. The big block experiment team should feel flattered. ;)"
What a drama! 
If you're talking about BCH then say it. Misleading people will only anger people and be counterproductive to your cause.
"I'll take that.  If it happens this quickly perhaps we will see $100K USD bitcoins as well.
"
Awesome, decentralized media here we come!
Is this for future of BCH or BTC or a new Coin?
One new difficulty algo and BCH is just solid.
Woohoo, visa here we come baby
I think we probably won't ever need to go that high, but its good to now we can if we do need it.
"Please make sure to specify which coin you are talking about to avoid confusion.
It's just common courtesy."
"In terms of ""the future"" being bright what do you think about the debate of xthin VS compact blocks? 
https://www.google.com/search?q=xthin+VS+compact+blocks

**If you use ""Compact Blocks""** instead of ""xthin blocks"" technology which is what is already implemented in **Bitcoin Core**, you

**can do 340GB blocks which has been demonstrated**: http://bitcoinist.com/wp-content/uploads/2015/12/340GBcache.jpg

Will the bitcoin Cash price go up if we keep making bigger blocks? because the price needs to go up. Please go up to at least 340GB blocks instead of 1 GB. I'm losing a lot of money on bitcoin Cash because they wont use ""compact blocks"" technology that's inside Bitcoin Core to get up to 340GB blocks, do that then do a big press release about innovation after please"
Big blocks allow for decentralized content that can't be censored....that is the true reason why this mission is so hated
Orphan rates?
Do you really though? You can run your own full node on a VM for $15 / month
As of right now you are correct. 8-32 mb is a limit for todays technology. There is alot of dark fiber running all throughout first world countries and advancements in materials science is going to make storage incredibly cheap. International lines are fiber, its mostly last mile issues and telcos that are the limiting factor. This is way more feasable than you think.
I assume Bitcoin, you know, the one we read about in the whitepaper before we invested in it. 
"""Normal person"" is never supposed to run a full node. It has specific purposes and never will be a free lunch"
Don't be so butt hurt.
Continuing your behavior from your Wikipedia days. Some people never change...
probably just another step in a series of progressive revelations that your ideas on scaling Bitcoin are essentially wrong.  Or, maybe I should say wrong for the people, but right if they align with the motives your bilderburg pay masters.
"> Whats the news here? Peter_R's pay master Nakamoto Dundee ""made"" 340 Gb blocks: 


sigh, it's Satoshi Dundee, or Crocodile Nakamoto get it right Greg."
"Really Greg? If they were making test changes on an open, public network that was in use you would be bashing them for testing in production.

No matter what they say, you always seem to be upset. 

You say â€œour optimizationsâ€ like this isnâ€™t an open source project that anyone can contribute to. 

You should be glad that multiple teams are working on multiple ways of improving bitcoin instead of being so negative. More data about scaling limits is always good. "
Yes 1gb blocks aren't for children.
"One processor core can verify the signatures in a 1 GB block in about 10 minutes, as each signature verification takes about 100 microseconds.  A 1 GB block contains about 3 million transactions, with about 12 million inputs and outputs.  Therefore about 20,000 UTXO operations have to be performed per second.  This can be done using a few SSDs to handle this database traffic.   Less database bandwidth will be required in practice if you assume RAM caching, but taking this properly into account would require detailed user workload modeling.
"
"Obviously you have no experience with high performance computing or networking.  The only way to progress is to build things and test them to the breaking point and then find and fix any bottlenecks that can be economically removed.  This is how all progress in the computer industry for decades.
"
What's b cash?
"> With Xthin, it takes 20 - 50 MB to propagate a 1 GB block.

So that means the typical overhead is 20-50MB, ie a 1000MB block becomes 1020-1050MB / 10 mins."
"LOL just spat my coffee all over my computer. 

With a 1GB block we'd be doing over 3300 transactions a second the average in the past 24 hrs was 3.7 the average value transacted was $3437.5 I guess we divide by 2 as half the transactions are change. 

using velocity of money theory M*V=P*T  the price of a BTC should be about $6,300

anyway i messed up my screen with coffee thinking how much my BTC would be worth in 5 years if we had 3300 tx/s. 

if P the value of a transaction $3437.5 * T = transaction volume 3300 then Bitcoin would be worth well over 1,000,000 per BTC.  give or take a few million. "
Bitcoin is the ledger with most PoW
Yup but I think the point is to be able to match visa speeds so a 1gb block is actually an outlier
"> shouldn't be

Tell me more, censorship resistant fella"
Exactly. But we're proving that we can scale to VISA levels, on chain, right now.
"Understand I am tired and I don't think I fully grok.

> To validate transactions and form a block you need to know that the inputs are valid and unspent. 

OK... 

I understand the validation part, but MY node does not need to do that, it can simply request from another fully sync'd node (or multiple nodes) whether my transaction is valid and then that transaction can be populated to the remainder of the network (Right?)

Maybe that wouldn't be considered ""fully validating"" in a very exacting definition, but if I poll enough nodes that are fully sync'd, then whether I am fully sync'd shouldn't matter to anyone but me. And once I am fully sync'd...

> That's where the discussion of UTXO commitments comes in. It makes a snapshot of the info required to validate future transactions. 


This is a good thing? (sorry if this question seems inane, I am tired)"
Unfortunately I am tired and cannot grok what you mean. Would this be prohibitively difficult to incorporate?
"You just run two clients (one SPV and the other a full node) under a common GUI.  This will also allow the node to go off line for a couple of days and then come back quickly, presumably showing a difference in the transaction history between unconfirmed transactions, confirmed transactions as seen by SPV from other nodes, vs. locally confirmed transactions.  None of this would have to affect any mechanisms other than UI stuff.
"
It's good that at least one of the Bitcoin development teams is looking to correct this.
Eth has plans for this. I donâ€™t think they have it yet. 
Ok, so which consensus rules *can* SPV nodes validate?
They hate miners cos miners are capitalists
"> sites like Bitcoin.com and others agree and now want me to write,

Thank you for finally disclosing this."
SegWit is a block size increase, you guys. 1.01MB is an in increase from 1MB! /s
(crickets)
There is no trust here. What can you do attack me if I give a fake/false path? Nothing. 
Because you seem ignorant.
Every transaction that is sent when it is sent is propagated. Xthin just includes the bits of the block you are missing so no need to resend the transactions you have.  
If you run BU and call getstatlist you can see the list of stats we collect which includes send/receive byte counts broken down by message type in 10 second, 5 minute, and hourly aggregations.  It's pretty fun to monitor them...
"You know why that is. ;-) you deplored it without measuring the benefits an publishing the real wold test data. BU would implement it if it was shown to be efective.

Who knows if compact blocks can even scale above 1MB. 

soon it wont matter anyway. "
"> it always equal or cheaper

I guess that says it all.


Edit: RBF is not reasonable in any way."
"Are you capable of saying anything at all that isn't fantastically misleading? 

Specifically constructed to avoid bandwidth inflation compared to a tx replacement functionality that the guy you're responding to isn't talking about, and nowhere is he talking about spam attackers."
"If a single transaction has to be sent twice then incompetent Core people have created an unnecessary load on the network.  This has nothing whatsoever to the details of RBF.  It is all about running the network close to capacity due to an arbitrarily small block size limit.  Any form of RBF is only needed when the network is fundamentally broken and operating inefficiently and incorrectly.
"
Ignorant about what?   If someone really wants to run their own node on a rented VM they can, then just use a lightweight client back to that.  
"Full nodes already request missing transactions from other nodes. And it already does not matter if other nodes are fully validating. So, from the miner's perspective, what matters is if a produced block is valid to others or not. That's why validating transactions that are included is important.

So you are right. You inclusively can produce valid blocks without validating a single thing (empty blocks, for which you only need the header of the previous, or any block if you assume any transaction you receive is valid).

It's a matter of risk. I don't have enough knowledge to tell all the implications but being a fully validating is the accepted way of reducing risks to the minimum. Using UTXO commitments is the next bet for helping nodes achieve the lowest risk as quickly as possible. That's why it's a good thing: less cost, same risk."
It's a rewrite of several subsystems but not prohibitive...
"They can validate payments.

And that's good enough."
They aren't part of the consensus, neither full nodes. Not Sybil-proof. Consensus is made by miners who bound to listen to economic majority for their own sake. Trustless system based on game theory
">don't suddenly collectively change the rules

Full nodes can't protect the network from 51%+ attack. Only incentive for miners to keep golden goose alive can. Game theory!"
"X thin sends the transaction id's so as to not send the whole block. I have to have already seen the transaction so I can match the transaction id's with the transaction. If you only have the id's, you also don't have the chain of signatures used to validate them.

It's like if a hospital sends you a list of names, do you have their full medical history? No, you then look up each name to get the data. Same idea."
The block's Merkel tree hash will be different so its hash will not match the correct block's hash and will therefore be detected by normal and SPV nodes
ah, that's what you mean. Ok, that's correct of course.
In the future it'll be a way to go with a price tag, ofc. Immutable history of everything
I don't know why you wrote all this.  
Is it a sport game where we have to root and cheer for a team no matter what? What's your fucking point?
Yeah, but we basically need to reverse the direction of the sync operation and build the utxo in reverse.
I think eth has this. It's a sign of the stagnation in Bitcoin development that we don't hopefully that will be solved with Bitcoin Cash.
"All - probably not, but most users don't care.

User experience is far more important. You can run a node, users don't care."
Light wallets don't partake in rebroadcasting information much. They're exist for another purpose
"Read Section 8 of the whitepaper. There is zero additional trust involved in SPV compared with running a ""full node."""
Pruning is already a fact. What I'm questioning is the need for nodes to validate the entire blockchain before they start pruning. That is just a waste of time and resources, the security advantage is minimal at best and since it makes running a node unfeasible if you can not run it 24/7 it can fairly be classified as a severe security limitation forcing users to rely on other third-party nodes when they should be perfectly able to run a pruned node themselves. 
Do you need any help? I have a couple servers with residential internet speeds and would love to dedicated some resources. I previously ran a server when toomim did his testing before the Hong Kong Stalling conference with 9 MB blocks. It was fun being a part of technical improvements instead of simply watching the price 
"Please show us how Segwit currently performs in term of performance. Ah right I can resume it to one word:  ðŸ’©

as expected by everybody but you for ages. "
">I am not paid by bilderburg

Technically a true statement.

Bilderberg Group doesn't technically own AXA. ""Control"" or ""influence"" are probably more accurate terms given the chairman of the former was also the CEO of the latter. 

So you're paid by Blockstream, which was funded by AXA, which is at the very least influenced by Bilderberg. 

Do you understand why people don't trust your motives or the motives of the company you work for?"
"No one paid me to be a big blocker or start writing.  You seem to think I'm pretty good at it. I guess sites like Bitcoin.com and others agree and now want me to write, but that was after I started doing it on my own.
"
"
>Not at all. If you are talking about LN: it is completely trustless.

False. Read my post here https://www.reddit.com/r/btc/comments/765gji/first_10001_gigabyte_block_mined_and_propagated/doc6oyq

>As you are witnessing, miners and users are not always aligned, so users need to be able to verify their data themselves.
>
>You know what BTC is about: **don't trust, verify**. 

That's not what BTC was about. The idea never was to every user to verify every block. Just read Satoshi's presentation of Bitcoin to that cryptography mailing list.

And also, when have miners ever collectively and sneakily broken protocol rules? I have never witnessed that. "
Pruning helps with that.
">X thin is the transfer of what's in a block, not storage. You would still have to store 1GB for a 1GB block. 

if I transfer certain content with 50 MB, I can store this same 50 MB. Saying I need 1 GB for this is a contradiction. Then apparently I also transferred 1 GB."
The big bandwidth eater today is the INV messages announcing transactions when used with nodes connected to many peers.  The data in each transaction is received by each peer only once, but each of its many peers send a 40 byte INV message for each transaction to each of its neighbors.  So if a node had 100 neighbors, the INV for a 300 byte message would end up costing 4000 bytes.  This is an obscene amount of overhead and which can easily be fixed once people set their minds to it.
"> compact blocks have no real world test data 

You realize that the entire Bitcoin network uses compact blocks almost exclusively and that it's xthin which has only seen small scale usage and synthetic tests, right?"
Indeed, though on that basis the compact block protocol already used by the Bitcoin network is much more efficient...
"everything you need to know:

http://www.investopedia.com/articles/05/010705.asp

the video is a little to dumbing down but the summary is good. 

I've been refining my understanding since December 2012 - the Quantity of money theory needs an update.

BTC isn't the money for a new economy yet, it's a speculative asset in an emerging economy. Most of the money supply is being withheld from circulation reducing the available quantity (M) 

in effect investors in BTC are like the decentralized [FOMC](http://www.investopedia.com/terms/f/fomc.asp) at the FED  we're working collectively to grow a monetary system and kick-start an economy adding too and withdrawing from the total money supply. in an erratic and decentralized way. 

it's fascinating to watch "
"Sigh...

You need a path between sender and receiver, right?  
That obviously creates a strong incentive for well connected hubs. Garage hubs would be useless.

These well connected hubs wouldn't be able to run anonymously, again obviously. That would make them target to regulations.  
Plus, these hubs are, by definition, *money transmiters*. No serious company would be legally allowed to connect itself to one that's not regulated. It would be like Walmart having an account at an illegal bank.

Just read about FATCA and how the US government controls banks worldwide due to the simple fact that the US is an unavoidable financial hub.

Contrast that with on chain transactions, where any single miner anywhere may include your transactions, no relationship between sender, receiver or miner needed."
"RBF is specifically constructed to avoid bandwidth inflation.  For a given amount of spam-spend it it always equal or cheaper to use up bandwidth using new individual transactions rather than replacements.  That is the ""by fee"" component of RBF.  As a result RBF cannot expand an attacker's ability to waste bandwidth.  Satoshi's original replacement lacked this defense which is why we had to disable it, once Peter Todd came up with this defense it became reasonable to re-enable the ability to make a replaceable non-final transaction.

Cheers, "
