To be fair, many do indeed. Unless youâ€™re a giant conglomerate, you keep your assets in a domestic bank. 
Their website say â€œ99.999% service availabilityâ€
I think he is  either completely stoned or drunk. That`s how I sound when I am.
"This discussion will last forever

Let's just end it and accept that we have different views for the bitcoin network?

*NOTE: I prefer RaiBlocks than any bitcoin*"
"It's not intuitive cos artifical systems and machines weren't anti-fragile before the invention of peer-to-peer networks. And between introduction of p2p and Bitcoin anti-fragility was skipped over very often. People just used the tools. **But now it's money**, now no one can ignore the details cos their future depends on it

Let's hope we'll have self-repairing robots soon to ease people in accepting reality of anti-fragility"
Yes.
I think MBMP is a tipbot whale who enjoys making it rain for folks. 
With this money you can invest in dogecoin and fund the search for his sister, laika, who is near the moon.
"We all know the parable.

The Great and Wise Shibe descended from Mt. G0x with SiIcx Tablets encrypted with tokens of Truth, Speed, and Proof of work

While Roger Ver played Tron in his underwear.

Nobody heard the great call of DOGE because they were watching McAfee eating his weenis.

Let it not be the same misfortune this iteration. Invest more heavily in yourself."
Oh hunny poor wittle thing can't read.
Let me guess. You didn't read the wiki entry...
"A couple years ago, Bitcoin was functional and it was completely fine to have 100%.  

But now?   It's not a functional currency.  A company decided to build a toll road to make money off it, so they needed to blow up the main highway so people would be willing to take their toll road. 

And they forgot to build the toll road first.  So we've got a blown up highway, and no tollroad. "
"I'm not downvoting you just because I disgree. ""Win"" being relative sure maybe it beats btc, it's not going to become the main crypto, that's the delusion. Go ahead and down vote me because you disagree.


Edit: If you think bch becomes top crypto bet me on it. "
Majority isn't binary.
The one point that I've come to appreciate with bitcoin is that it's been the biggest bug bounty ever. People have been trying to hack it for years. It may be slow and expensive compared to the coin of the week, but it's been tested by the world and is still standing. 
Actually I agree with you that crypto is anti-fragile. However, it reaching mainstream adoption, is non-trivial. 
"Or....... maybe he is doing an A/B comparison... ;)

Accepting BCH and lightning in parallel could yield some interesting data."
"Non-Mobile link: https://en.wikipedia.org/wiki/Majority
***
^HelperBot ^v1.1 ^/r/HelperBot_ ^I ^am ^a ^bot. ^Please ^message ^/u/swim1929 ^with ^any ^feedback ^and/or ^hate. ^Counter: ^140145"
"? Majority means more than half... yes... 34.4% is less than half.

Are you suggesting that BTC holds a majority at 34.4% of the crypto market cap?"
"> it's not going to become the main crypto

Crystal ball?

> Go ahead and down vote me because you disagree

Sure"
You should believe every single thing you read. Especially on the internet. It will work out great for you. Promise.
"Lightning will let them build brain-dead 3rd party payment services that allow the masses to use bitcoin's security without ever owning a single bitcoin.

They'll open an account with some company that has plenty of bitcoin and runs a node. They'll pay a small amount to have transactions done in their name, then pay dollars or w/e to this company.

It will basically be a new way to do credit card transactions where it's basically impossible for anyone to create fraudulent transactions, thus saving the credit card / debit card industry billions.

It's a complete waste of what the blockchain technology was created to do.

Blockstream simply wants to improve the financial industry and sell to them and make a cut of transactions. They are Ripple Corp 2.0, quite literally. They probably have ambitions of spinning up unique blockchains for sovereign governments and teaching them how to manage their own cryptocoins also.

They are selling bitcoin out."
"A majority is 50% or greater. BTC either has, or does not have majority of market share (binary).

The word you might be looking for is plurality, which refers to the largest minority subset.

https://en.m.wikipedia.org/wiki/Majority"
Curve won't be smooth. Blood will be spilled
"**Majority**

A majority is the greater part, or more than half, of the total. It is a subset of a set consisting of more than half of the set's elements.

""Majority"" can be used to specify the voting requirement, as in a ""majority vote"". A majority vote is more than half of the votes cast.

***

^[ [^PM](https://www.reddit.com/message/compose?to=kittens_from_space) ^| [^Exclude ^me](https://reddit.com/message/compose?to=WikiTextBot&message=Excludeme&subject=Excludeme) ^| [^Exclude ^from ^subreddit](https://np.reddit.com/r/btc/about/banned) ^| [^FAQ ^/ ^Information](https://np.reddit.com/r/WikiTextBot/wiki/index) ^| [^Source](https://github.com/kittenswolf/WikiTextBot) ^| [^Donate](https://www.reddit.com/r/WikiTextBot/wiki/donate)   ^]
^Downvote ^to ^remove ^| ^v0.28"
Simple math: Nash theorem. Bitcoin Core has capacity limits (economic activity overflew and market share dropped from 9/10 to 1/3 over several months) both in raw numbers and complexity which means costs (LN), Bitcoin Cash has a magnitude less limits with potential to add several magnitudes later. Miners switched November 12nd, with DAA next (and likely the last) switch will occur sometime later, maybe months later
Whenever someone posts a wiki page I already know they don't know what they are talking about. A dictionary does just fine for me.
Zero knowledge proofs are objectively superior to ring sigs.
It's anon tech is already inferior to alternatives also. Even smooth says that.
If Trevon James tells me to buy Bitconnect, I buy Bitconnect. Itâ€™s so low rn ðŸ¤”. omg it has its own blockchain& so many use cases!!! ðŸ¤¨
I know. My point was before that market looses confidence in crypto (which I still hope it doesn't, of course). 
I agree, this sort of thing has historically paid off. It's a damn shame, but I can't deny the truth of it.
"> In theory it provides zero fee transactions

How can it do that if Lightning node operators are supposed to take a cut of each transaction they pass on???

I have a hard time believing that Lightning transactions will actually be cheaper than even BCH transactions. "
"There was no confidence to begin with. It's not a polished SEC-approved investment vehicle which can go bankrupt, have some respectable rating or can be bailed out. It's ground-breaking technology and Wild West

Crypto is anti-fragile. Bash it all day long, scam and confuse as many people as possible - changes nothing, ecosystem's only getting stronger"
"Lightning will likely work, it just won't work at scale past 1 million nodes and may not be as cheap as they think.

What the 3rd layer will do is add regional routing to local lightning networks.

It's like having a cabby system. A cabby system cannot get you from Los Angeles to New York, but airplanes can.

Between the two of them you have point to point people routing.

However, how they think they can do this cheaply is beyond me."
"> How can it scale on 3rd layer without a working 2nd layer? That's absurd.

Because scaling is how it fails. It's not that it won't be able to send money at all, it just won't be able to scale.

It's like having cabbies to take you anywhere in a city, that's one ""transportation layer."" But cabbies cannot take you city to city, you use airplanes for that, kind of like a 3rd layer.

> 
> 
> 
>>Meanwhile, BCH will be scaling on-chain and adding value in every way possible.
> 
> 
> 
> BCH has to be given the chance to show it scales first. Dash scales onchain and it's nowhere near the BTC market cap.

It has that chance right now. But as long as scaling on Lightning with BTC is still plausible, people will not abandon BTC in droves and create the flippening event. That's what I'm referring to."
Nope.
Maybe bitcoin cash wins over btc. It's not going to beat out ethereum at this point. 
mm mm nonono
Agree completely. 
Pls explain
I need to learn how to get the tips lol
110% LamboCoin
"From ""Delusion"" to ""maybe"" in less than a day? That's some progress. Read about Bitcoin civil war more, it's going on for years

> It's not going to beat out ethereum at this point

I disagree. Ethereum not so long ago had noticable backlog, it it'll be happening more frequently, fees will rise and utility icluding ICO boom will bleed out on other open blockchains. Also PoW > PoS in my estimation: more expensive to rewrite the ledger (and no DAO shitshow in Bitcoin), clearer security model. In PoS blocks are signed by stakeholders and Ethereum was crowdsaled"
Delusion. 
You are hopeless.
Dont leave put garlic coin, them gonna go hand in hand.
I tend/want to agree with you. 
I disagree. NEO is more scarce that BTC for the reason I stated before. 
Itâ€™s utilitarian value is not equal to its market value.  Tulip bulbs.
True here. 50% to 0%. I thought btc would help me retire, noe I'm convinced it's going to end badly.
I think he meant to say the less BTC you hold the more you learn about crypto. Failure is, as we all know, quite instructive.
"Ok:
http://www.dictionary.com/browse/majority?s=t

""the greater part or number; the number larger than half the total (opposed toÂ minority)"""
"> Not everyone who causes destruction is necessarily evil or malicious; conflict takes many forms.

Deception takes many forms too. I've never seen Maxwell give a straight answer to anything. 

Furthermore how is it not malicious to prevent the scaling of the most important financial and social invention in 500 years in favor of a hypothetical protocol that requires a hitherto unsolvable CS problem to be solved? If he thought he was smarter than Satoshi he should have done his own thing like so many others have done with alts. But instead he wormed his way into commit access (and who really knows how that happened given Gavin and his children were being threatened during this time) and used the bitcoin brand for his own personal reward. If it can be shown he has suffered financially from Blockstream perhaps I'd change my mind. I really wish I had your ability to be so objective about this. 

We must evaluate behavior on consequences not intent. ""Malicious"" implies knowledge of intent which is always an unknowable. "
You are right, releasing software and supporting ideas are not terrorism. Character assassinations and threatening to delist businesses for supporting competing ideas is however.
I'm consistently amazed at the naivety of otherwise brilliant people. It's like they're missing the gene for skepticism of human intentions. 
Translation: The separation of money and state.
[Here you go](https://i.imgur.com/9ePhFID.jpg)
"Maybe you may not know it, but when the market attracts demand because of low wages, the increase in demand stimulates improvement in working conditions (including wages).

Asking for ""fair wages"" (that is, ""fair prices"", the same concept defended by socialists who make scarce products, creates bachaqueo and has raised the interest rates charged by people who change debt for cash) rejecting the demand attracted by low wages simply extends our ordeal. On the other hand, the fixing of ""minimum wages"" to the only ones that benefit is those who already have a job and who produce enough not to be dismissed. Those that produce less than the minimum price set unilaterally (by the State or collectively) are automatically excluded ... so ""minimum wages"" stimulate unemployment and raise barriers to entry.

By the way, a Venezuelan tells you that he also wants better salaries for Venezuelans, but that they are the result of effort, of nature and of not fighting against the market economy (that is, the abandonment of socialist philosophy). I do not want such things to come from the pity or coercion of the laws because that does not have a firm floor and because such measures create side effects that affect other people."
Good bot.
"[Bcash](https://medium.com/@freetrade68/announcing-bcash-8b938329eaeb) is not Bitcoin Cash.

^^Beep ^^beep, ^^I'm ^^a ^^bot."
"this bot reminds me of ""Donald Trump isnt my president"", Guess what? He is "
hehe! bot trolled you =)
"Y suggest: ""La separaciÃ³n entre el dinero y el Estado."""
"**Brazilian real**

The Brazilian real (Portuguese: real, pl. reais; sign: R$; code: BRL) is the official currency of Brazil. It is subdivided into 100 centavos. The Central Bank of Brazil is the central bank and the issuing authority.

***

^[ [^PM](https://www.reddit.com/message/compose?to=kittens_from_space) ^| [^Exclude ^me](https://reddit.com/message/compose?to=WikiTextBot&message=Excludeme&subject=Excludeme) ^| [^Exclude ^from ^subreddit](https://np.reddit.com/r/btc/about/banned) ^| [^FAQ ^/ ^Information](https://np.reddit.com/r/WikiTextBot/wiki/index) ^| [^Source](https://github.com/kittenswolf/WikiTextBot) ^| [^Donate](https://www.reddit.com/r/WikiTextBot/wiki/donate)   ^]
^Downvote ^to ^remove ^| ^v0.28"
"Re-posting because I fucked up the tip xd

As a Brazilian myself I love that you also cared about us inhabitants of HUEland :)

Now all we need is /r/brasil seeing this so they stop with the ""crypto is a pyramid scheme"" bullshit.

u/tippr 500 bits"
"BTC is still far from useless and that's one of the reasons BCH hasn't seem too much adoption, people has been using p2p exchanger platforms to bypass the Tx fees and time for years, namely the most popular nowadays is localbtc, BCH needs something like this or just a place where demand can be focused. 

There's a new subreddit incoming for venezuelan crypto exchanges that might also help on the adoption on BCH or not, we'll see.

Atm BTC is still perfectly usable to bypass the inflation on vnzla, i do it myself."
"u/Diiamat, you've received `0.002018 BCH ($3.55117550 USD)`!
***
[^^HowÂ toÂ use](https://np.reddit.com/r/tippr/wiki/index) ^^| [^^WhatÂ isÂ BitcoinÂ Cash?](https://learnbitcoin.cash/) ^^| [^^WhoÂ acceptsÂ it?](https://acceptbitcoin.cash) ^^| ^^Powered ^^by ^^[Rocketr](https://rocketr.net) ^^| ^^r/tippr  
^(Bitcoin Cash is what Bitcoin should be. Ask about it on r/btc)"
"$20 yesterday, $1 now, $10 tommorow... This isn't acceptable to any sane person. And even $1 is too much for people who are literally earning few USD per month.

> can easily get you rekt in weeks

Way less likely than getting rekt trough unpredictable fees"
No one is going to exchange their BCH for Bolivares might as well exchange it for dirt or btc. 
I think i'm not the better one to answer these question, but for the most part, the only thing thats cheaper here is the workforce. The tools and everything else are imported, so you'll have to buy those in dollars also. 
"I understand minimum wages tend to be a bullshit ""legislation"" in most latin american countries.

Are there people who're really living on 10$ a month?"
More than a salary! At todays change, 10 bucks are aprox. 2.5 monthy wages!
i have not that kind of expertise, but i'll run the voice and i'll see who can do it! thx for supporting venezuelans!
"I dont think that asking for a fair wage is a bad thing per se. You have misunderstood the meaning of the word ""fair"""
"Here's a sneak peek of /r/vzla using the [top posts](https://np.reddit.com/r/vzla/top/?sort=top&t=year) of the year!

\#1: [Por cada upvote, voy a decir ""Tibi mardita perra"" y lo voy a subir a soundcloud](https://np.reddit.com/r/vzla/comments/6qm9ba/por_cada_upvote_voy_a_decir_tibi_mardita_perra_y/)  
\#2: [Demosle Upvote para que cuando busquen Nicolas Maduro en Google, salga esto.](http://nicolasmaduromoros.com/) | [31 comments](https://np.reddit.com/r/vzla/comments/6bykhs/demosle_upvote_para_que_cuando_busquen_nicolas/)  
\#3: [Empresa que hizo el conteo de votos en Venezuela denuncia ""manipulaciÃ³n"" en la elecciÃ³n de la Asamblea Nacional Constituyente - BBC Mundo](http://www.bbc.com/mundo/amp/noticias-america-latina-40804551) | [104 comments](https://np.reddit.com/r/vzla/comments/6r3vo0/empresa_que_hizo_el_conteo_de_votos_en_venezuela/)

----
^^I'm ^^a ^^bot, ^^beep ^^boop ^^| ^^Downvote ^^to ^^remove ^^| [^^Contact ^^me](https://www.reddit.com/message/compose/?to=sneakpeekbot) ^^| [^^Info](https://np.reddit.com/r/sneakpeekbot/) ^^| [^^Opt-out](https://np.reddit.com/r/sneakpeekbot/comments/7o7jnj/blacklist/)"
Yeah, itâ€™s called â€œtradeâ€. We tip them some much needed money, and in return we get the word spread on BCH and increased adoption, which will, in the long run, increase the real value of the coin. Too bad you canâ€™t do that with your shitcoin. 
Unlike your crappy maimed CoreStreamCoin, BCH actually has the power to be useful to people. This was the plan all along, right? So why the salt? 
"Why don't you tip some Venezuelans with your coin then?

Oh wait, *you can't*.

BTC's fees are higher than the average Venezuelan makes in a single month."
A separaÃ§Ã£o de dinheiro e estado - the better version of Spanish (aka portuguese)
Mmmm you mean methods to change to fiat?
Only problem is that in order to fit a rectangular shape in a square area, it has to be smaller vertically. So those addons on the side makes the BCH logo smaller vertically vs all the other logos that are just round. 
Here is the explanation of the creator (as far as i know) [wilsonwastaken](https://github.com/wilsonwastaken/BCH-design/blob/master/bch%20redesign-01.png) (GitHub) of how it came about.
"[Bcash](https://medium.com/@freetrade68/announcing-bcash-8b938329eaeb) is not Bitcoin Cash.

^^Beep ^^beep, ^^I'm ^^a ^^bot."
Yes, I got the clever narrative of this generous campaign.. There are enough examples where low fees are important, such as buying anything below 50$. Actually, in Venezuela, crypto is more needed as a store-of-value, payments are not relevant at all. As SoV BTC is usually better.  
"[Bcash](https://medium.com/@freetrade68/announcing-bcash-8b938329eaeb) is not Bitcoin Cash.

^^Beep ^^beep, ^^I'm ^^a ^^bot."
Yes, you are a great trader! Tipping 18 cents.. lol.. got yourself a bargain.. Such patreon. 
"So labor would be very cheap in terms of international standards, if the value delivered happens in time?

I'm pondering to commit some funds to be given out for verifiable helpful participation in creative work, like adding more icons to the game-icons.net set or similar, like I did here (https://www.reddit.com/r/btc/comments/7d5t26/calling_all_artists/) to help get the bitcoin cash community going.

I'm also pondering the more selfish ideas of simply buying labor for personal projects on the cheap...

If it weren't for the unstable property rights that come with civil unrest, Id also ponder buying land/real estate and maybe move there in some years when things cool down.

hmm.. what to do.."
"If you mean BCC -> fiat: yeah, sure. Localbitcoincash for example.

If you mean Bolivares -> USD: there's a black market and people from all over the country is selling/buying all the time, but it's kind of shady and you have to be careful."
The black market
If you want to leverage venezuelan workforce for your projects, please pay them (us) a fair wage. Not up to international standars, but a negociated fee. We Venezuelan are great workers! Buying real estate sounds good too, but you have to be selective. There are plenty of opportunities here for people to invest, but you'll see revenue only in time!
((( [STORE OF VALUE](https://www.reddit.com/r/btc/comments/7rfog0/blockstream_is_falling_apart_greg_maxwell_resigns/dsxd2fs)  )))
">  Actually, in Venezuela, crypto is more needed as a store-of-value, payments are not relevant at all. 

can you actually be this stupid"
">  crypto is more needed as a store-of-value

Its not. 

Have you ever had to carry a backpack filled with banknotes because of the high inflation to buy groceries with? I have, it's not fun. Have you ever had to go walking to your college, work, and house by foot because there was no cash? I have, it's not fun. Have you ever went a day without having a meal because there was no cash and the stores did not accept cards because there was no connection to the banks or the electricity went out? I have, it's not fun."
"Payments are incredibly important in Venezuela. So important, that Lenin said that the best way to destroy capitalism was to debauch the currency. He wasn't worried about stores of value like gold because he knew they were inefficient for commerce. He just wanted to destroy the means of fast and fluid payment.

People need to be able to efficiently exchange the value of their labor for a functioning economy. "
There is no point in buying $10 of BTC, if you'll pay $10 transaction fees when selling it on black market for actual dollars. Store of value is meaningless if it can't be moved around
"Thank you ChaosElephant for voting on LostCommunication.  

This bot wants to find the best and worst bots on Reddit. [You can view results here](https://goodbot-badbot.herokuapp.com/).  

 ***  

^^Even ^^if ^^I ^^don't ^^reply ^^to ^^your ^^comment, ^^I'm ^^still ^^listening ^^for ^^votes. ^^Check ^^the ^^webpage ^^to ^^see ^^if ^^your ^^vote ^^registered!"
That would be nice, but we're still a lil far from that. But slowly and steady 
"It's a little confusing. I am not an expert in English. I will explain what the phrase that I have suggested means:

In this context, that is, relating it to electronic cash and cryptocurrencies, it is a reference, not to the space between money and the State, but to the fact of separating the State from money.

When we talk about having separated the religious institutions of the State, we say ""La separaciÃ³n entre el Estado y la Iglesia"".

It seems to me that u/majamalu/ could confirm if the expression I am suggesting is the most correct, since he handles English better."
Bad bot!
[deleted]
"Ok, but that means ""The separation between money and the state"", am i correct?

Like it is now, means: ""The separation of money and state"" am i right? Is that a strange way of saying it?"
"Its 1 dollar atm, but even when it's higher, unless it's a small amount, you be much better paying higher fees and hold BTC, rather than something like BCH that can easily get you rekt in weeks.

https://dedi.jochen-hoenicke.de/queue/#2d"
"u/ChaosElephant, you've received `0.0005 BCH ($0.870395 USD)`!
***
[^^HowÂ toÂ use](https://np.reddit.com/r/tippr/wiki/index) ^^| [^^WhatÂ isÂ BitcoinÂ Cash?](https://learnbitcoin.cash/) ^^| [^^WhoÂ acceptsÂ it?](https://acceptbitcoin.cash) ^^| ^^Powered ^^by ^^[Rocketr](https://rocketr.net) ^^| ^^r/tippr  
^(Bitcoin Cash is what Bitcoin should be. Ask about it on r/btc)"
Merchants should just accept BCH. No bypasses needed.
Monkeycoin, the first venezuelan exchanger is listing bch as a trade coin this month!
Hah, great. BTC is helping people by them not using BTC. What could better illustrate the fuckery that Core has brought us to?
That's a nice vision that I share. Currently though, you can easily protect yourself from inflation if you just hold something more stable than the bolivar. But finding businesses where you can spend BTC (not to mention BCH) is near impossible. 
wrong, we still need to eat and to do that you need bolivares
And BCH is the answer to all those problems! Such a great solution: it's only 17% down today, and is widely accepted in Venezuela. It's also the only alt coin with low fees! How come no one thought about it yet? 
"when currency enter hyperinflation, all isolated local goods adjust their pricing and foreign money becomes highly valuable.

The Venezuelan problem is that they relied very heavily on imports for food which didnt adjust its pricing and knstead became scarce.

The proper solution is to immidiatly support the deployment och local food production."
"> Are there people who're really living on 10$ a month?

I don't know how they manage to do that, but yeah. I know a couple. It's not pretty.

What makes it worse is that a ton of things cost the same in bolivares that they do in dollars. Vehicles, houses, refrigerators... you name it."
most people live here on minimum wage
Yes. Millions
Is there any good conversions to USD?
"I do want to leverage it, but for **good**. Things that benefit the public, in some way.

With the money broken there, what public good services are cheap? (ie, what does not rely on import, but local resources and labor alone)

For example, what does it cost to drill a well to secure drinkable water or do maintainance work on buildings or roads? What would it cost to hire the work and get the tools to turns lawns into food producing gardens?"
"[Bcash](https://medium.com/@freetrade68/announcing-bcash-8b938329eaeb) is not Bitcoin Cash.

^^Beep ^^beep, ^^I'm ^^a ^^bot."
That nice logo surely is actually helping folks there
"It was meant to be more in the vein of ""the real MVP""."
Translation: we made this ugly meme and thrown some 1$ tips amounting to ~60$ in /r/vzla to pump our coin on the back of Venezuelans
No problem, r/BitcoinTrolls is that way -->
[deleted]
[deleted]
good for you bcash!
Good for u bbcash 
Wrong subreddit
"Why doesn't /u/tippr work in /r/the_donald? Is that political censorship against our elected president and his supporters?

> Wherever socialism spreads, misery follows. 

~Donald Trump"
"ya'll are still hung up on ""real vs fake"" bitcoin? smh"
"why do you guys wanna be Bitcoin so bad? A son can be better than father. Bitcoin will be the only real Bitcoin, BCash or ETH or any other alt coin can be better than Bitcoin but that doesnt make them real bitcoin. stop confusing things and work on how to make BCash better than Real Bitcoin. Every time i come on this sub reddit for news, front page is full of ""BCash is the REAL Bitcoin posts"". "
good for you b-cash!
they found something that will depreciate faster than their native currency lol #ironyIsaDeadScene
"I do not know in English, but in Spanish to make the differentiation with other uses of the word the word ""Estado"" is started with a capital letter."
Thanks, but it's not mine. I cobbled it together from [wilsonwastaken](https://github.com/wilsonwastaken/BCH-design/blob/master/bch%20redesign-01.png) (gitHub)
With 32MB blocks we actually could do ~100tps, which would be enough for that country to work
"I do not know in English... but in Spanish to make the differentiation with other uses of the word the word ""Estado"" in this context is started with a capital letter."
"u/linzerdshaffen, you've received `0.002018 BCH ($3.56223414 USD)`!
***
[^^HowÂ toÂ use](https://np.reddit.com/r/tippr/wiki/index) ^^| [^^WhatÂ isÂ BitcoinÂ Cash?](https://learnbitcoin.cash/) ^^| [^^WhoÂ acceptsÂ it?](https://acceptbitcoin.cash) ^^| ^^Powered ^^by ^^[Rocketr](https://rocketr.net) ^^| ^^r/tippr  
^(Bitcoin Cash is what Bitcoin should be. Ask about it on r/btc)"
"Bitcoin cash is both the real bitcoin and the real cash! And the real real! ;)"
Thank you to the BCH community for caring about the situation in my country, the support has been unreal.
I gave a Venezuelan redditor $30 in bitcoin cash a few weeks ago. Give it a try
"This is nice, but BCH has near zero demand on venezuela atm, what this proposes has been done by BTC for years by now thankfully, allowing many to survive and push forward into a better life.

Hopefully BCH will see better adoption this year."
Smartcash 3 months ago: https://steemit.com/smartcash/@smartcash/smartcash-taking-venezuela-by-storm-community-updates
This is awesome! Keep spreading awareness, might give more power to the people.
Is there a way to buy art from Venezuela with BCH? 
"Please support Bitcoin Cash Venezuela, if you can. Follow them on Twitter: https://twitter.com/BitcoinCashVE . Support adoption of bitcoin cash in Venezuela! The more people who knows, the more people who will be contributing to massify BCH adoption in our country! 
"
"""The separation of money and state""

That sounds like a kickass motto. Definitely words Venezuela needs right now.

I currently have nothing to tip, but $5 goes a long way over there. If you like tipping in BCH, or have donated large amounts before, that kind of money is literally life changing, people."
"The tipping spree in the \/r\/vzla subreddit [was great](https://www.reddit.com/r/vzla/comments/7rguaj/rbtc_help_with_bitcoin_cash_adoption_in_venezuela/). But we can do more... We can help out A LOT by tipping Venezuelans that really need it. 

Bitcoin Cash has the opportunity to be more than a speculative asset or another way to pay online. It has a change to prove itself in a very tangible way right NOW and help out Venezuelans that are in dire straits at the same time.

A few bits can go a long way over there."
That logo looks good.
Well at least itâ€™s the real bitcoin somewhere 
"I cant believe a generic image is front page for me.

Unsub."
[deleted]
"Not if the  vendor accepts BCH.
2018 bits u/tippr"
"> This is nice, but BCH has near zero demand on venezuela atm

Yes, that's exactly the reason for this post; more awareness should be spread. BTC is useless now and people need a cheap, fast way to do peer-to-peer transactions. "
Speaking of BCH in Venezuela: If anyone from vzla have graphics/website design or frontend experience and have seen this, can you PM me? We have some projects that can use you, and will pay in BCH! Ask for details. 
Not right *now now now* that I know of, but I could ask a couple of friends to see if they're interested. They'll most likely be, so you can PM me what you're looking for and we'll see :P
"I like fair.
2018 bits u/tippr"
Yep
"Ah, i didn't know that. [This is better then](https://i.imgur.com/zj1QJGd.jpg). Is it *very* uncommon with a lower ""e""?"
Maybe we could have a tipping spree once or twice per month, that could help many to buy food and stuff.
yes that tipping spree was really helpfull,  there is a discussion right now on r/vzla for a new BCH enchange subreddit using Bolivares
[Yes](https://en.wikipedia.org/wiki/Brazilian_real)! I made a [Brazilian version](https://i.imgur.com/9ePhFID.jpg) too, so we're good to go!
"[Bcash](https://medium.com/@freetrade68/announcing-bcash-8b938329eaeb) is not Bitcoin Cash.

^^Beep ^^beep, ^^I'm ^^a ^^bot."
"[Bcash](https://medium.com/@freetrade68/announcing-bcash-8b938329eaeb) is not Bitcoin Cash.

^^Beep ^^beep, ^^I'm ^^a ^^bot."
The fork is called Bitcoin Cash, not BCash. Nobody wants to be anything, we just promote the benefits of one over the other. In my opinion BCH is for daily use and small transactions, and BTC is more like a savings criptocurrency
For example, $10 is a months salary.
The moderators of r/vzla/ ask that please advise before making threads with tips, because the unexpected activity is altering the operation of the subreddit and helps the proliferation of newly created accounts. One better thing they could do is to tip the interventions in the normal discussions of the forum.
"Hi ya'll. I work for WooCommerce and want to make sure I clarify a few things. I can easily provide proof if needed.

1. WooCommerce is free and open source. This allows for an open and diverse community to create plugins for free and distribute it as they wish. The plugin mentioned in the article is a third-party plugin and is in no way associated officially with WooCommerce.
2. While I fully support the development of plugins that allow for more payment gateways, this is not unique. A quick search on WordPress.org will come up with many that do the same for a variety of cryptocurrencies.
3. There are millions of WooCommerce stores, not 380,000. Source: builtwith.com

This is not news I'm afraid but it's great to hear there's so much support for it!"
"Me too. Almost since BCH launch there have been gourl.io and later coinpayments.net came on board. This is NOT native woocommerce support.
"
Yeah after all this I took a look at their post history... doesn't fill me with confidence.
"Yeah, this is only big news is WooCommerce lets it into their app store, since most WooCommerce store owners know to go there. WooCommerce store owners typically don't download things from Github and upload them (though you can). 

Personally I think this falls into the category of announcement -> ""BIG NEWS!!!"" -> ???"
"Not spiteful or inaccurate. 

How many WooCommerce plugins have you written? You have to go through an approval process to be listed on https://woocommerce.com/product-category/woocommerce-extensions/. WooCommerce didn't write this, and whoever is, isn't going to get approved. WooCommerce isn't ""supporting"" BCH. On the other hand, anyone can write an extension and have it listed on the Wordpress plugin directory - that's why there's so many 1 star plugins there. 

So what does this mean? WooCommerce isn't ""bringing"" the plugin to anyone. They aren't marketing it to those stores. None of those stores will see it in the primary extension store. If they are digging around and searching, they may find it on the plugin directory, along with the other 54,000 or so plugins they can find there to do other things (as opposed to the 300 well-curated extensions that WooCommerce officially supports)

Congrats on the 400+ upvotes, but seriously, there's no real journalism here. I probably did more in looking up the plugin counts than you did for the entire article."
You're in the wrong here pal, this article says nothing of substance. It really just talks about some guy making a plugin for Wordpress/Woocommerce that allows to pay with Bitcoin Cash. It's not such a big deal as it makes it. There are others too from a long time ago, like [this one](https://www.reddit.com/r/btc/comments/6z4hzc/bitcoin_cash_payment_gateway_for_woocommerce/), or [this one](https://gourl.io/bitcoin-payments-woocommerce.html).
Nah dude no brigading or orchestration of any kind, just someone whoâ€™s done stuff on woo-commerce before. If you can show me why Iâ€™m wrong Iâ€™ll happily edit my comment to admit it. Stop with the petty sad tribalism mindset, nothing wrong with questions and criticisms in a healthy community.
[deleted]
When you add extensions to your WooCommerce site, do you use the official extensions page (https://woocommerce.com/product-category/woocommerce-extensions/) or do you fish around looking for open source plugins in the Wordpress directory? Because this is the latter, and anyone can write a plugin for it. 
Remember I posted this much earlier. This thread has gotten a lot saner. At that stage it was full of people thinking this is major news that should take bch to the moon. Further, I maintain writing a plugin is nothing special. That said I wish the developer all the success with this, it doesnâ€™t mean I think it was a bad idea or anything.
We're working on keeping acceptbitcoin.cash as updated as humanly possible :)
And the confirmation post, at least we can tag these two accounts. You'll have to make new ones.
And you still donâ€™t have an idea, because even if itâ€™s true you didnâ€™t even question it. You just believed it. Are you trying to bring news to people, or pretend to.
"The Bitcoin Cash fork didn't affect Bitcoin at all.

So let me ask you a rhetorical question: Why is anyone even using Bitcoin Cash if Bitcoin is still perfectly functional? (Hint: It's not)"
Nah anyone can make a plugin for any crypto in next to no time. It really isnâ€™t news or anything to get too excited about. Just a cool step with some potential.
Irrational market. Most players in the crypto-space are now Ponzi scheme investors. They are looking to get rich quick, and don't understand why crypto exists. News about merchant adoption means nothing to them, as they care only about USD.  Market fundamentals will win and price will go higher, but only after merchants actually start getting many orders paid by BCH.
Because it's not really news. Any developer can write a plugin. This isn't officially supported by WooCommerce.
"Sorry but no. Not at all. The news article is a bit misleading. Woocommerce is an ecommerce system that anyone can download and install. Used by hundreds of thousands of shops worldwide.

There's a shit tonne of plugins available for popular and weird and wonderful payment types.

How many people outside of the crypto circle do you know who have heard of BCH? Hell they probably wouldn't have known about BTC until late last year.

Then look at the proportion of all those people who own a shop. A small percentage I'm sure."
When some of these 380'000 retailers start actually accepting BCH, the price should rise.  And that's a good thing, since it will be natural price rise, not fueled purely by investor hype.
Have you tried it? Anywhere we can try it? 
From what we have read it is free but we'd like confirmation
"Maybe you should also apologize for implying that this is an official extension, when in reality, WooCommerce isn't ""bringing"" it to anyone? "
Except that Woo themselves won't be supporting BCH. This is just a third-party plugin that anyone who knows PHP (or knows how to pay an offshore developer $5/hour) could write.
The callback part is a bit odd. PHP, in a WordPress context, generally isn't always on. I'm wondering if he's providing an external service for that callback and the native part is speculation.
"I didn't try it yet but it is used on their site:

https://store.blockstream.com

WooCommerce Plugin: 

https://github.com/ElementsProject/woocommerce-gateway-lightning

NodeJS Library:

https://github.com/ElementsProject/lightning-charge"
Yeah, I'm skeptical. Seems too specific to be completely false, but announcing an open source project/product in this way is really odd at the same time.
I am bills complete lack of self awareness.
Apparently you are me. TIL.
"Sorry, I misunderstood what you meant by ""always on"". This is accurate :~)

[This post](https://www.reddit.com/r/btc/comments/7rofcq/im_launching_a_bitcoin_cash_payment_processor/) is apparently by the author and makes it sound like the callback is part of the PHP api. Birthing a new php process to wait for the conf would be horrendous, so I hope they do something else. The author admits to shilling for tips though, so this plugin might not actually exist... "
"You are the one embarrassing yourself. Such a lame attempt at undermining positive news for BCH. You don't even know what to make up :D

You know what? You're running out of ammo. You've got nothing left, and you are getting desperate. The fake Lightning Network news blew in your face, the fake dividends aren't working anymore and you are running scared.

Pathetic. What a sad way to go"
Who is defensive here? These guys are cornered
haha because I made a dumb joke I must be a shill. I support bch more than btc, but wow do both of their subs make it hard. such weird toxic people in both.
"I'm a PHP programmer. PHP _can_ run in an always on context, but is usually relying on cgi-bin or fpm behind a webserver like Apache or nginx and is only run when someone makes a server request, which is WordPress default.

A language like node is always on and can do stuff even when requests aren't coming in.

It's possible to run a check every time a server request is made, but if the site isn't getting traffic then the transaction wouldn't confirm. There are a bunch of ""hacks"" to get around this, a side service, or a cron job, that they might be relying on. Until we see code, we won't know how it works. 

Edit: looks like you're a programmer too (?), so I'm sure you're familiar with much of this."
"> How is it going to be possible to keep up with this kind of volume?

Every action counts. It's all about network effect"
"That would be nice, I would like more ways to get paid :)

Something that would be really interesting would be a plugin that support several cryptocurrencies and let us pick which coins we want to accept in our stores. "
"Your post here is inaccurate, however. WooCommerce isn't ""bringing"" anything to anyone. Any yahoo who knows PHP could write a plugin and put it up on Github. Nothing about that is big news. WooCommerce is NOT officially supporting this plugin, but your title here implies that. "
Your defensive attitude is not helping your point. If you think youâ€™re right, maybe have a conversation. 
"He's saying you control both accounts (\_imba__ and Subalpine) and are creating a fake conversation to discredit his post.

[He's projecting](https://www.reddit.com/r/btc/comments/79hsfl/ubtcnewsupdates_is_uwilliaminlondon/)."
There are 2 already. gourl.io and coinpayments.net. I use both already.
"> PHP, in a WordPress context, generally isn't always on. 

I'm sorry, but where did you hear this? The entire wordpress platform (including plugins) is written in PHP. That's how it loads dynamic content. "
How is it going to be possible to keep up with this kind of volume? Woocommerce say it's millions of retailers, not 300k... Quite a challenge no?
"Salty and spiteful. As usual.

The article is factually true. To read these lame criticisms from the same people who cheer completely fake rumors of BTC adoption by Amazon or entirely fabricated lies about Lightning Network being production ready is comical."
what? your comment doesnâ€™t make grammatical sense.
When you fork off bitcoin, and call it â€œbitcoin cashâ€ you just further dilute the crypto market and also confuse people with a similar name.  I just donâ€™t understand it at all. 
not really, whenever there is big news for other coins you see huge gains. something like VEN, NEO .. etc 
[deleted]
itâ€™s like weâ€™re staring in the worlds shittiest fight club reboot. 
"I think ""native"" means ""natively implemented in the plugin"", not platform-native code. 

Such a callback would allow executing code when a transaction is confirmed without contacting a third party service, e.g. to mark an order as paid so operators know it can be shipped out, or digital content delivered automatically. "
Probably that confirmations trigger some code inside of your WooCommerce store and update transactions accordingly
Bitcoin Cash is making major moves!
Very interesting. Will the plugin be free and a fee be applied when used or do we have to pay to get it?
"WooCommerce should probably now be listed on the [bitcoincash.org](https://www.bitcoincash.org) page under ""Services"""
That's a lot!
Thats a pretty big boost !
"> This plugin is seemingly the first which has a native callback for transaction confirmation as well

What does that mean exactly?"
Bruuh, could have waited for BTC and LN to come alive.
ðŸ‘ðŸ‘
"https://fudmartng.com is Fudmart NG Store official website and its built with WooCommerce plus we accept BitcoinCash.

We sell Fashion, Home decor, Mobile Phone accessories and offer Free Shipping on all order worldwide."
I'm setting up my shop right now to sell stickers and other fun stuff!
I didn't see any information about launching time. I'm using Woocommerce on my website and so exited about this news. 
"I made the first Bitcoin Cash addon for Woocommerce.

https://www.cryptowoo.com/shop/cryptowoo-bitcoin-cash-add-on/

https://github.com/Olsm/cryptowoo-bitcoin-cash-addon"
[deleted]
[deleted]
Is there a directory of these merchants so I can go shopping?
Daaaaaaaaaaaaamn this is huge!
"> WooCommerce has attracted significant popularity because the base product, in addition to many extensions and plugins, is free and open source. 

> In addition, there are thousands of paid add-ons for fixed prices. Many Premium Themes now offer capability with Woocommerce as well as plugins that make a theme framework compatible.

> Notable WooCommerce extensions include:

> - WooCommerce Bookings: Which allows users to sell blocks of time as appointments.
- WooCommerce Memberships: which allows the user to restrict access to certain parts of their Wordpress website, and sell access to these parts of the website.

https://en.wikipedia.org/wiki/WooCommerce"
It's a small point, but should be made clear whether it's WooCommerce that is making the plugin vs. a WooCommerce third-party plugin (having dealt with WooCommerce on plugins, they're pretty particular about their brand)
Woo!
"I can't believe this article was published. Do you see a link to the plugin, because I don't. And such a misleading title.

It links to the Reddit post made yesterday, the post I replied to saying ""that's awesome"", and I tipped the person. I did that because I hope the plugin does actually happen and it's something I'd use and find helpful. But they've published a news article based on a Reddit post as proof?

Sorry to be a party pooper, but some of the reaction to this post is that BCH should be mooning. Sorry but not on the back of this news. Woocommerce is a big project yes, but it's open source on the main, so there are lots and lots of Woo plugins out there. This plugin will be made by a third party developer and may not even make it's way on to the official Woo extensions page. Then, a shop owner is only going to choose to download the BCH plugin, if they've heard of it. And let's be honest with ourselves, how many shops do you know that take BCH? It won't come as standard like the PayPal plugin does.

As I say though, if the plugin does actually exist, or is being built, I wish the developer all the best and it will be useful."
This is a little misleading for people that donâ€™t understand woo-commerce. Someone just wrote a plugin on a platform that supports crypto plugins for checkout, nothing that hasnâ€™t been done before by other cryptos. Iâ€™ve written a few for alternative means of payments myself. Has very little impact. Itâ€™s really just a step. Woocommerce shops vary a lot by popularity and the fast majority of those stores do little to nothing. If one of the bigger ones decide to buy and use the plugin, well, that will be something to celebrate. 
"somebody wrote a woocommerce plugin? wow incredible

blockstream made a woocommerce plugin for mainnet LN

I know I sound like a troll but the OP is being very dishonest. Anyone can write a WooCommerce plugin, it's an open source eCommerce platform. It's basically Wordpress."
Notice how OP was defending the article throughout the thread, but the moment a technical question related to the article came up they were suddenly silent?
This type of news should have sent BCH skyrocketing. I wonder why not. 
How do you standardize something as a currency when nodes will just keep forking?  Bitcoin cash is an argument against decentralized currency in the context of global e-commerce
The article said in a day or two.
Thanks, this is awesome :)
Thanks for that, we missed that but we'll pass it on!
"My AdBlocker works fine on this site. So many empty blocks where the ads should be :-)

Turned it off to see what I was missing - not surprised by the immediate pop-up for an ICO. lol "
"https://acceptbitcoin.cash 

https://localbitcoincash.org/index.asp?action=showSearchBusinessFrame"
"Downvote away, but I find this very annoying.

Every time some even slightly positive news comes, there always has to be one guy going ""yuuuuuge!!1!"". 

As the follow up comment said, this has already been happening for some time and while this new development is good, it certainly in't yuuuuuge.

I want BCH to succeed as much as other people here, but attempts at unbased shilling and pumps are not helping."
This sub is so desperate for moon news, anything goes..
"Really? It's just a news article about a Reddit post from yesterday.

You've been able to accept 0 conf BCH on WooCommerce through www.gourl.io for ages.

This new plugin just adds an API for confirmations."
[deleted]
Awesome notice !
"What put me off (as well as the other admission *in the same thread*) was posting a donation link with the announcement... I suppose time will tell.

On the other hand, this seems like a solid business model which I should be investing in :)"
"**WooCommerce**

WooCommerce is an open source e-commerce plugin for WordPress. It is designed for small to large-sized online merchants using WordPress. Launched on September 27, 2011, the plugin quickly became popular for its simplicity to install and customize and free base product.

***

^[ [^PM](https://www.reddit.com/message/compose?to=kittens_from_space) ^| [^Exclude ^me](https://reddit.com/message/compose?to=WikiTextBot&message=Excludeme&subject=Excludeme) ^| [^Exclude ^from ^subreddit](https://np.reddit.com/r/btc/about/banned) ^| [^FAQ ^/ ^Information](https://np.reddit.com/r/WikiTextBot/wiki/index) ^| [^Source](https://github.com/kittenswolf/WikiTextBot) ^| [^Donate](https://www.reddit.com/r/WikiTextBot/wiki/donate)   ^]
^Downvote ^to ^remove ^| ^v0.28"
"As /u/michaeltieso pointed out, it's in no way an official WooCommerce plugin. They aren't ""bringing"" it to anyone. Anyone can write a plugin, throw it up on Github, and submit it to the Wordpress directory. "
"Someone posted on this sub sometime yesterday saying they were the creator (sorry for no link, on mobile). It's definitely 3rd party, and I'm not sure if his API or server is open source. The plugin is, but that doesn't mean much.


The creator is a major troll, so I'm curious what this release is going to look like and how the private keys are handled. "
It's a third party plugin, which is coming soon^TM. The title is very misleading. 
"It's a misleading title (here). WooCommerce isn't ""bringing"" anything to anyone. Any yahoo who knows PHP could write a plugin and put it up on Github. Nothing about that is big news. WooCommerce is NOT officially supporting this plugin, but the title here implies that.

"
"How on earth did such a spiteful and inaccurate comment get to be voted to the top?

Blockstream/Core vote brigading is alive and well obviously"
"Listen, I hate BCH, I sold my last BCH yesterday.(Well I supposedly have a few stuck in CirclePay)

But you are completely downplaying this.

I have a woocommerce backed store, and its the most popular way to make payments on wordpress. 

My store has options to use Credit Card, BTC(unfortunately its one of those auto USD), and Amazon(My most popular).

Sure people won't use it because its BCH and most people dont own it. (No one ever used my BTC option). But Woocommerce is a giant."
I for one am shocked an un-biased news outlet like newsbtc.com would mislead us like that.
"Thank you very much for this additional information:) 

Sorry for the mistake on the number of retailers, we went by what was written on your wiki. Millions of retailers is amazing, we had no idea!"
What are the odds of this particular plugin making it into the official WooCommerce marketplace? Or would it likely be limited to being on the Wordpress plugin directory as you mentioned?
"Except those extensions you mention are officially supported and listed here: 

https://woocommerce.com/product-category/woocommerce-extensions/

This BCH extension will not."
