evo5w2;141
evnn0u;15
evnhx8;69
evnf36;31
evnewi;2
evn97w;12
evmpp0;16
evmk7h;4
evmgfb;2
evmefj;8
evm9hm;23
evm98b;5
evlrso;0
evku5i;8
evkqog;9
evknch;106
evkl31;0
evkg6b;19
evkdas;25
evk2ol;0
evk2hr;0
eviyh1;24
eviq0k;0
evipuh;1
evil5c;6
evhhlj;9
evh360;48
evh02e;64
evgqgg;2
evgnon;1
evgbve;1
evfrik;12
evffuu;18
eveuo6;3
evern1;2
evefqe;1
evebpo;0
eve55h;6
evddmn;4
evcbrs;8
evc7r2;4
evc35c;2
evc30e;0
evbyqk;69
evb4gn;20
evaw19;67
evaodk;23
evagk1;22
evab5b;6
eva2kc;5
ev9f5b;150
ev8zq2;0
ev8tuo;0
ev8m3e;1
ev8gg9;0
ev8e2l;0
ev8a3o;0
ev7slm;56
ev7lpu;10
ev7cjm;0
ev771r;7
ev75q4;27
ev6et1;0
ev6be9;0
ev666d;0
ev5zk1;23
ev5tzd;12
ev5lvx;68
ev5ikv;14
ev5gsl;8
ev4z24;1
ev4tkd;6
ev4l7t;32
ev4gtz;0
ev464b;18
ev41tj;50
ev3fxp;0
ev2kux;23
ev2htm;7
ev1uu8;17
ev1ep1;77
ev1a2x;0
ev19sb;164
ev0shi;0
ev0r9l;23
ev0mre;6
ev0a8l;0
ev03sa;28
ev01f0;0
euzfvf;8
euypvj;2
euy6gt;5
euxqwg;15
euxl2v;1
eux97p;13
euwztg;35
euwu69;4
euwpdx;1
euwp3x;1
euwmvg;1
euwg0r;0
euwfal;39
euweoz;0
euw1gw;20
euw1c9;6
euvtad;0
euvhqz;23
euv3fu;36
euuyq1;3
euuw8l;1
euuuew;3
euupdu;0
euul4b;20
euug7g;6
euu0q8;11
eutxod;2
eutovo;0
eutnpn;39
eutd8k;25
eutbn5;0
eut4jd;10
eut43k;11
eut39d;1
euszp7;16
eusz8e;2
euss75;5
eusrc1;6
eusf6i;6
eusero;17
eusag3;0
eus2su;22
eurwnp;11
eurupv;2
eurrss;1
eurgu1;1
eurg9k;54
eurc0m;1
eur8c9;0
eur5tl;11
eur5ky;15
eur2h7;9
euqolp;25
euqo8s;1
euq679;0
eupy5p;1
euptku;13
eupsv9;0
eupkva;7
euphbz;37
euphao;1
eupg8s;10
eupegk;0
eup8cr;2
eup7vp;338
eup7gt;6
eup1h8;19
euoxgc;7
euovbn;1
euomco;1
euohmn;0
euog4w;10
euoe1z;36
euocf0;0
euocae;55
eunzwk;2
eunr1c;0
eunq7y;4
eunpvv;16
euni1b;16
eungu8;51
eunay8;1
eun8cx;4
eumyp7;0
eumwah;8
eumurg;4
eumuqe;15
eumslx;215
eums8s;2
eumllt;3
eumklq;2
eumg5b;1
eulfnt;80
eulcpz;9
eul8g9;25
eul4kn;2
eul0ps;6
euktf8;0
eukp67;15
eukm9a;5
euk6s9;0
euk1cx;0
eujsxj;0
eujin1;14
euiuwi;7
euig88;15
eui7et;10
euhr3k;18
euhdln;0
eugpr5;0
eugk90;132
eugfek;0
eugbht;14
eufwsv;6
eufirf;22
eufgqd;61
euf7zn;49
euezvk;0
euev3h;15
euesp7;1
euek32;1
eudk2k;74
eudjnh;2
eudaib;38
eud23b;2
euck8t;186
eucivr;1
eucil3;10
euc8i1;2
eubrd8;39
eubowm;3
eubjqb;24
eubh1f;0
euaun9;22
euatf0;61
euahrv;16
eua6na;54
eu9yjg;4
eu9umg;0
eu9py6;64
eu9ipd;1
eu9gsn;11
eu9a3r;54
eu98gy;5
eu96zh;10
eu96w7;1
eu95qf;11
eu8y9c;5
eu8n2m;19
eu8iqw;20
eu8hza;7
eu8hwr;13
eu8fzd;12
eu8erx;3
eu88uy;0
eu88cy;1
eu855x;6
eu83b7;10
eu82iv;3
eu7z2x;10
eu7xyr;32
eu7v14;1
eu7mkp;0
eu754d;0
eu73z5;0
eu73al;49
eu7192;2
eu6rx7;2
eu6ps7;30
eu6fl9;3
eu65nr;3
eu60qq;4
eu5o62;15
eu5gja;11
eu5dly;0
eu5bpo;66
eu58hl;11
eu4ni9;57
eu4csx;2
eu4bnt;4
eu42cl;0
eu3jlw;14
eu3afe;0
eu3a8t;9
eu31ec;22
eu2pmw;5
eu2mux;92
eu2j0t;4
eu28v5;3
eu28j5;0
eu26t5;58
eu2269;1
eu1oe1;4
eu1i06;0
eu0rnp;1
etzfwd;43
etza9k;3
etz4is;11
etyo0e;3
etygrn;3
ety6pg;3
ety0n8;1
etxshd;29
etxo21;16
etxna9;16
etxhwd;0
etxaq6;0
etx7ao;2
etw47d;0
etvswj;0
etvjly;24
etvgp3;0
etv1ie;17
etuup2;103
eturhx;7
etup8w;11
etueux;9
etu8vc;0
etu86d;23
etu7rp;2
etu1h0;2
ettq0s;0
ettll1;6
ettefl;9
ettdmn;50
ettchm;1
ett5c0;0
etswj6;36
etsgop;41
etsfcv;0
ets7tw;3
etrxho;42
etrrtn;8
etrbyv;9
etqzyv;0
etqyqr;1
etqb1a;2
etq80o;3
etq473;149
etpwwv;0
etpol4;5
etpkad;106
etpagm;29
etot07;6
etopox;24
eto5f8;74
eto4kb;39
eto1no;13
etnziy;53
etnrjm;4
etnm1w;0
etmty8;1
etm97t;3
etlu8s;0
etlrsb;0
etlpu7;9
etllou;0
etlkhc;98
etlgu8;0
etl470;22
etk8hd;85
etk6eq;49
etk68d;10
etjytp;6
etjj9n;147
etjfm7;2
etj4ih;19
eti382;27
ethk1o;15
ethhow;3
ethgj6;18
etheoy;18
ethdm3;0
etgs1i;45
etghai;116
etfz2n;341
etfy8n;169
etfkwq;14
etf8v6;6
etevor;3
etemcc;12
etek7v;1
eteev8;22
eteaxw;26
ete7ob;22
etdzus;2
etdxd6;16
etdnub;14
etdk7z;2
etdjt7;15
etdehj;0
etda47;26
etd2do;11
etcugj;27
etcuc2;23
etcbkn;8
etc80u;3
etbyzq;12
etbyx3;1
etbtjb;2
etbffu;3
etazgc;0
etaqrn;0
etapl1;78
etamts;38
eta1ua;145
et9yrw;3
et9wzb;16
et9vy0;0
et9t69;0
et9sn2;2
et9na4;1
et9n29;14
et9guh;38
et99zi;0
et986f;175
et91ij;21
et8uze;114
et8pgw;2
et8o6r;9
et8j9v;46
et86v8;1
et86lw;5
et80as;7
et7zvs;20
et7z2o;0
et7w1r;0
et7p11;0
et7gtt;40
et7cwq;4
et6y6x;3
et6txq;0
et6qof;0
et6lvj;0
et5nbv;289
et5jk0;2
et5dch;0
et5cbt;4
et5ap4;13
et4wxf;0
et4poj;0
et3m6l;23
et3kcu;12
et3k5b;8
et3i9a;0
et3fzj;2
et39xo;51
et387w;10
et35mm;2
et3365;1
et32q9;4
et2vqe;4
et2t4w;37
et2ink;19
et2hua;7
et28v5;6
et23l1;11
et20zo;45
et20l1;0
et1zeh;22
et1xqu;6
et1g8q;0
et1g20;1
et16xp;0
et0kmq;8
et0hyz;6
et0gdm;0
et08xq;15
et06u9;29
eszme3;6
eszerl;2
eszduu;0
esz21y;0
esz0ra;3
esyla1;34
esyfb1;2
esy44t;13
esxvjs;0
esxtat;4
esxmrd;0
esxgzj;186
esxfs7;29
esxcio;56
esx9ox;51
esx7um;0
esx3ak;2
esx2x1;27
esx0pe;8
eswyg3;0
eswwih;8
eswhbw;5
esw7gt;9
esw78d;0
esw6ol;5
esw0kd;1
esvun5;37
esvam1;5
esv6ow;0
esv5i2;11
esuwqx;4
esus7c;0
esuqpl;0
esumzr;11
esu25r;20
esttu2;1
esttqb;5
estsll;6
estqoj;27
estk4h;16
est0t5;1
esswk0;167
ew5li9;1
ew5lgj;0
ew560w;1
ew4yg7;1
ew4eb0;1
ew487w;0
ew2yhc;11
ew2u6d;8
ew2pgh;7
ew25yu;0
ew1tfx;31
ew1rab;22
ew0ocx;15
ew0jrh;3
ew0hqy;38
ew0g57;75
ew0e3v;54
evzm7y;2
evza7e;12
evxziz;0
evx4wb;0
evwxvs;7
evwk91;2
evvp9i;0
evvh82;6
evvfsg;5
evv409;2
evuuml;10
evuljy;2
evua2r;3
evu78r;8
evu02t;39
evtzhw;0
evtwuv;0
evtv04;0
evtlh8;14
evti4z;0
evt2zl;2
evszte;1
evsed2;5
evscjd;18
evsa0q;1
evs4qj;13
evrons;1
evrd5b;0
evr61o;10
evr1ay;6
evqgju;1
evq56n;6
evq15l;0
evpqd5;0
evpo73;49
evpls4;13
evpbsj;43
evp660;32
evofj4;3
ezya3f;1
ezy8oj;1
ezxy9b;1
ezxx0h;0
ezxop4;0
ezxfwf;3
ezxfu4;0
ezxbli;4
ezx71g;1
ezx6op;4
ezwu9r;11
ezwg1g;2
ezw77g;12
ezw63c;5
ezvvcu;4
ezvv45;2
ezvinv;2
ezviff;0
ezvgi0;1
ezv6c8;3
ezv3ky;20
ezuyd9;13
ezuvqp;5
ezuuj6;4
ezupfn;1
ezudqj;2
ezudmv;4
ezu2bx;2
eztzat;29
eztxac;4
eztvn0;12
eztvjl;2
eztq77;1
eztm2w;56
ezth6e;10
ezth2a;62
eztgrj;10
eztfh3;4
ezten0;4
ezt7np;11
ezt772;10
ezt5al;8
ezszud;8
ezsvwa;6
ezsssf;6
ezsr4c;2
ezsh1z;14
ezsgdf;2
ezscx6;16
ezmn61;3
ezs7rg;7
ezs79n;2
ezs43c;7
ezrtj5;0
ezrswt;3
ezrcbf;16
