"I'm a bot, *bleep*, *bloop*. Someone has linked to this thread from another place on reddit:

- [/r/cryptocurrency] [Hi I'm the moderator of r\/bitcoinforks and r\/bitcoin mods tried to take over my subreddit](https://www.reddit.com/r/CryptoCurrency/comments/8s7c8d/hi_im_the_moderator_of_rbitcoinforks_and_rbitcoin/)

- [/r/cryptocurrency] [How does this stuff not infuriate you people? Mass censorship and centralization, right in front of our eyes.](https://www.reddit.com/r/CryptoCurrency/comments/8s3mru/how_does_this_stuff_not_infuriate_you_people_mass/)

- [/r/dashpay] [This could happen to us: Hi I'm the moderator of r\/bitcoinforks and r\/bitcoin mods tried to take over my subreddit](https://www.reddit.com/r/dashpay/comments/8s4x1e/this_could_happen_to_us_hi_im_the_moderator_of/)

- [/r/ggcrypto] [Hi I'm the moderator of r\/bitcoinforks and r\/bitcoin mods tried to take over my subreddit](https://www.reddit.com/r/GGCrypto/comments/8s8g7v/hi_im_the_moderator_of_rbitcoinforks_and_rbitcoin/)

- [/r/subredditsubterfuge] [Hi I'm the moderator of r\/bitcoinforks and r\/bitcoin mods tried to take over my subreddit](https://www.reddit.com/r/SubredditSubterfuge/comments/9wftxd/hi_im_the_moderator_of_rbitcoinforks_and_rbitcoin/)

&nbsp;*^(If you follow any of the above links, please respect the rules of reddit and don't vote in the other threads.) ^\([Info](/r/TotesMessenger) ^/ ^[Contact](/message/compose?to=/r/TotesMessenger))*"
