7g9cd3;4530
7v438b;771
7fkqh5;3133
7olruz;783
chbx9d;578
7gla05;1224
7u9zbd;1156
7jht7c;1310
7dpypn;894
a44t1m;355
7yaaz2;1473
7j584c;323
5y0e33;2000
8982l3;590
8d3ziy;317
7gg0j2;807
7le7t9;1907
7lo56s;982
7mgy26;931
7aq0fx;1270
6tcg99;1259
7gzr64;567
953ays;620
7gonjk;546
7jri98;1011
7jj0oa;2869
7dg75u;492
761ri4;2302
7kqq1j;1712
98uecl;785
9au41d;497
7lhj3w;1344
6mut9d;915
8mq7ll;446
a4q9ye;347
7o9zo1;978
7t611u;342
7u0f4e;417
9mggze;257
81qkxp;655
8g8vqu;456
6wpdei;1187
7or2i6;2126
erbthu;13
erbnxo;13
erbmoi;1
erblt9;36
erbhoy;9
erba9v;1
erb7fz;15
erb22c;19
erb075;2
eras8d;0
et18b5;4
eszu9j;144
eszkba;0
eszhzm;2
eszhj5;11
eszgsu;9
eszd9z;5
eszd3a;4
eszd26;2
esyu7n;5
esyu4k;32
esyk8c;13
esyk58;0
esyiut;4
esy1uy;0
esxzrq;0
esxwqf;5
esxt61;0
esxrkl;5
esxr0t;15
esvn3p;4
esxbqo;40
eswwn3;0
eswtav;0
eswl70;24
esw6hi;0
esvx33;67
esvvnq;42
esvpjr;5
esvpfi;23
esvomq;28
esvoeg;11
esvo3x;3
esvmcp;0
esvkjb;1
esvek5;50
esvbpw;1
esv9sc;40
esv1bg;0
esv0j6;9
esusf0;2
esupip;2
esund5;131
esumgw;25
esuj0r;1
esufuz;54
esu5s8;1
eslla8;0
eslqxk;0
esu00m;5
ests35;1
estnfc;2
estlqu;9
estl41;88
estkm2;4
estgmw;6
estara;19
est8kk;22
est665;133
est0qa;3
essyda;5
essy5o;5
essq85;13
esspoh;66
essa75;36
ess4sp;9
esrq0m;0
esrmc4;6
esribh;2
esrhvq;31
esrhnv;3
esqzg6;45
esqxmy;0
esqxef;0
esqszp;0
esqo76;10
esqjvh;1
esqcfh;27
esq85b;6
espws8;4
esptwk;6
espquf;0
espj14;145
espffb;8
esp5rg;6
esp1oi;1
esovc0;1
esoj8s;5
esni4d;12
esnb05;0
esm2ej;0
eslxmd;36
eslplz;19
eslm9u;2
eslm74;1
esllck;3
esll8l;0
eslg87;0
esl3p9;20
eskvul;255
esku3g;27
eskoxf;31
esjmbf;5
esjinj;2
esj67p;6
esiw1j;17
esi8nh;3
eshzdo;1
eshwoy;29
eshtlg;27
eshry1;5
eshrlb;8
esho1v;71
eshnpq;31
eshh72;22
eshdtq;4
eshbfp;1
esha32;4
esh95n;62
esgxl8;5
esgq0n;0
esgnm9;7
esga8j;1
esfuns;4
esfoln;11
esfiub;3
esfev6;4
esfceu;27
esf99e;0
esf1gs;0
esergl;31
esenn9;1
esek82;14
esefe1;4
ese7lk;7
ese306;4
esdxcp;162
esdud7;0
esdsy3;0
esd7w0;6
escxke;0
escoib;7
escg10;25
escdz8;9
esc4d7;0
esc25u;8
esc02k;4
esbwry;2
esbvzj;0
esbouf;0
es89z1;0
esbo6x;26
esbctz;26
esb4xf;2
esb2mi;1
esayvw;8
esaww2;22
esaw94;4
esakeo;4
esahxg;0
esafo8;14
esa8ia;31
es9tqw;19
es9czv;5
es8zl0;14
es8wnh;6
es8rdt;1
es8r43;13
es7zsq;23
es8lu1;4
es8evs;5
es8du6;89
es8cxa;25
es81ej;3
es7lq9;17
es772n;10
es6ux1;16
es6sx6;16
es6m3r;10
es6ely;0
es6b5n;4
es6adj;32
es6105;4
es5mfo;4
es5k1k;0
es5dwu;46
es5dmz;8
es5bpt;0
es54z4;11
es53bn;89
es52y4;0
es4xsg;6
es2aq4;6
es4x1h;2
es3l4m;4
es0kpw;4
erx5ng;0
es4ll4;0
es46m9;9
es45fj;10
es3ypi;10
es3m9v;24
es3flj;0
es36xe;43
es353c;2
es34v6;5
es3365;7
es304k;7
es2zf8;9
es2vzr;12
es2of5;10
es2dye;1
es2day;17
es1wkb;15
es1v0w;23
es1a9t;20
es17lv;18
es129a;18
es11xi;0
es0v01;1
es0u5r;0
es0txu;0
es0rkd;109
es0ds5;0
es0cw7;10
es0ak6;2
es06go;2
es0625;0
es05tw;14
es03ql;1
erzhy2;10
erz9v0;4
erz1bx;1
eryxfr;24
eryvwb;4
eryu4s;1
eryu4i;0
eryn0c;3
eryjx8;15
erxzmv;0
erxvy1;6
erxvrw;73
erxsjz;0
erxn9h;34
erxioq;4
erxhjn;0
erxgd7;411
erxefp;81
erxbzk;3
erx61z;1
erx4qc;7
erx2gm;11
erwz75;0
erwxv0;1
erwqeb;13
erwi00;0
erwg2w;7
erwadv;2
erw3qc;23
ervvho;27
ervtws;36
ervt7q;63
ervqr5;2
ervod8;2
ervisa;6
ervev7;17
ervekp;235
ervbj0;58
eruorg;3
erumly;25
eruhi9;1
erubwj;0
eru80f;26
eru2yv;3
ertqy9;1
ert7u3;2
ersrcl;17
erspx5;39
ershzq;0
ers76b;6
ers1jk;15
ers178;4
erro32;1
errk83;3
err4be;5
err0ss;80
erqdg8;1
erq8o7;14
erpsbg;5
erpq75;13
erppyu;1
erpf1q;115
erp56b;0
erp4sc;5
erjo9g;2
erfva7;4
erokb3;2
ero4w8;4
ero23c;11
erno8l;0
ernmtc;15
ernhpj;3
erneen;1
ernbt5;5
ern4gr;1
ern2ks;8
ern113;9
ern0i6;10
ermwrl;2
ermrgv;19
ermmr5;5
ermhw7;27
erm6g5;10
erm3x2;6
erlytr;0
erlaay;0
erkuik;22
erkr4x;14
erklil;2
erklfw;21
erkleo;1
erkgzq;0
erk7kb;7
erjtjj;10
erjf3v;13
erjacg;0
erj9n7;10
erj4ff;430
erj245;3
eriotp;2
erddtg;2
erilel;10
erijv2;18
erig05;2
eri994;2
eri88v;0
eri6eo;0
eri3zd;15
eri2i8;3
erhydi;2
erhsti;0
erhigs;9
erhidn;29
erhbw2;1
erh2at;14
ergdqd;5
erg884;24
erg7wb;0
erg6ca;0
erfxqi;15
erfvuy;0
erfa7u;6
erf3wk;37
eretnm;0
eresqs;0
ered8a;8
ere62v;46
ere1p5;12
ere0bk;28
erdxq8;4
erdvty;6
erdgkn;3
erd6uy;0
ercx4t;14
erbd4x;7
ercsta;11
ercobn;2
erck1c;26
erc8i0;28
erai4y;9
eraflr;1
era3v8;2
era3r9;2
era3nj;2
er9oix;61
er9m2p;21
er9ejq;0
er8z4t;13
er8p37;188
er81sh;20
er7u5g;8
er7lpm;6
er7e9h;7
er7878;3
er6t7y;12
er6q15;15
er6l9t;10
er659a;2
er54o8;11
er40nh;7
er3m06;8
er398h;118
er35z6;2
er2y29;12
er2t5m;1
er2pao;35
er2hcm;9
er2gpo;3
er2gmn;43
er23um;15
er21g8;7
er1xsu;47
er1kkg;10
er1iob;1
er1hp3;18
er1b37;6
er1aqg;3
er16xr;15
er15ok;2
er1457;8
er13i8;2
er11tw;20
er0z0a;1
er0whr;278
er0tt8;4
er0qkz;9
er0m9l;40
er0j2i;7
er0gf9;4
eqzx8v;47
eqzty9;95
eqzs0q;2
eqzntv;3
eqzhtw;19
eqz9wm;8
eqz7kl;9
eqz72r;3
eqz6xd;8
eqz3a0;0
eqysz5;17
eqykch;0
eqyi2r;19
eqyh4z;7
eqycmz;0
eqy61a;6
eqy5fb;158
eqxugn;0
eqxfro;26
eqqorr;8
eqwwbq;25
eqwuz7;64
eqwukp;6
eqwkuk;2
eqwk1y;2
eqw6n3;4
eqvzgz;85
eqvmp7;26
eqvhic;43
eqv546;73
eqv100;9
eqv0v3;3
equjwk;8
equd8b;0
equ11d;25
eqttuk;11
eqtqzj;2
eqtihi;8
eqtf8d;11
eqt45b;168
eqsz2v;21
eqsq08;10
eqspao;6
eqsme6;20
eqseuz;12
eqsd8m;5
eqs3do;3
eqrzfk;12
eqrwhu;10
eqrgis;15
eqr87f;0
eqqwkm;9
eqqv7v;12
eqqukc;6
eqqkk8;9
eqlaxw;10
eqpaqh;32
eqq1gn;2
eqpwit;37
eqpw5a;21
eqppi6;8
eqpmlw;24
eqpl16;20
eqpjjl;10
eqphyc;16
eqpgyn;289
eqopsn;9
eqomz3;5
eqoaro;11
eqo4rn;43
eqnu6w;21
eqnl9v;8
eqniwx;16
eurvnu;5
eurulc;1
euri37;6
eurh9h;7
eurg1p;5
eur4e3;37
euqy3u;0
euqxq4;213
euqtrf;3
euqovo;16
euqnp7;13
euqly7;1
euqk8d;6
euqj3e;18
euoa6p;1
eupup7;50
eupuhv;2
eupsg3;49
eupnbl;6
eupfu1;11
eupbmb;0
eupal4;0
eupaho;4
eup5vj;3
eup546;15
eup3w0;9
euoyzk;11
euoqta;13
euoij0;4
euoh71;2
euoc00;1
eunwfr;13
eunv5j;0
eunswp;31
eunse7;3
eunlx5;12
eunlce;5
eun9ry;0
eum7kj;50
eumm4a;4
eumk86;18
eumhm3;36
eumh17;11
eumfju;0
eum58w;55
eum31l;11
eulssc;34
eubmnt;0
euloew;0
euldub;1
euldry;1
euldos;2
eulc8n;2
eul50w;27
eul38i;90
eukfv3;0
eukepe;168
eukaz1;18
eujmn4;56
eujhof;18
euihhk;4
euhp18;7
euhk4x;1
eugmw9;0
eugmi9;46
eugeia;5
eugd34;5
eugaik;3
eug792;31
eug3r7;7
eug1j4;6
euf2wi;0
eueyrd;179
eueyjk;20
euekhy;10
eue64s;3
eudvru;2
eudjr7;0
eud8sz;7
eud0if;4
eucxxz;5
euct56;11
eucr4b;3
eucc3c;6
euc7kl;18
euc3dh;3
eubwqz;8
eubqgj;2
eubf51;22
eub8cy;6
eub7hy;37
eub430;12
euarg1;0
euaql1;79
euapys;22
euakey;0
eua8zu;2
eua7ka;7
eua4l6;2
eua1s9;1
eu75fe;3
eu7ibz;51
eu9vdk;179
eu9o0w;9
eu9nw6;27
eu9jb6;0
eu9ibh;37
eu9hq1;10
eu9dcv;4
eu8ofw;5
eu8czy;3
eu886z;10
eu7p77;1
eu7p4l;32
eu7ow9;5
eu7jiq;28
eu703z;17
eu6wk7;2
eu6wdk;0
eu6sl9;271
eu6qan;19
eu6pij;42
eu6m24;3
eu6c6j;0
eu60v9;11
eu5zzk;40
eu5kjs;21
eu5ap1;3
eu56qr;5
eu56cc;28
eu560s;0
eu53yu;15
eu4t9d;15
eu4qfd;6
eu4eq6;1
eu3zf2;4
eu3wns;3
eu3g0l;12
eu3f0o;5
eu3dfw;13
eu2iv1;2
eu25ds;0
eu1vt4;14
eu1uw7;56
eu1pyi;5
eu1ic5;7
eu1cz8;8
eu0ndh;4
eu0e4l;31
eu06jr;2
etznzz;11
etzlxp;4
etzj1e;3
etzih0;16
etzhc6;7
etrxo3;2
etv4yc;17
etylz6;7
etyl7g;11
etykpv;7
etyhgc;140
etxzlg;10
etxpgy;10
etxeed;6
etwumn;14
etwoev;67
etweqq;40
etwdye;6
etw4dr;0
etvt6e;14
etvt1d;2
etvggj;12
etv0nv;7
etuzjh;0
etuvmh;9
etuooh;5
etulds;64
etublg;13
etu7hb;12
ettzv1;2
ettyrh;5
ettyp1;4
ettwzh;4
etttgo;1
ettlta;5
ettj42;5
etti36;0
ettafj;17
ett6x0;96
etszfd;6
etsxfd;35
etswqm;9
etswei;29
etsonr;0
etsgis;1
etrtyk;8
etro4s;6
etrnfr;24
etrfk8;51
etr9bn;65
etr5ko;13
etr26z;3
etquy5;34
etqsmp;73
etq69j;1
etq4y4;16
etpzej;2
etpdc6;5
etpd3e;6
etpari;15
etomjo;166
etoleh;48
etnok0;29
etnhsf;2
etndif;23
etmyp0;2
etmkcv;8
etmfvi;17
etll5d;17
etk580;5
etjihg;12
etjenp;10
etjen8;25
etj7vc;17
etj09j;12
etiyq7;131
etivzs;9
eticvd;14
etiboo;19
eti787;10
eti3xy;0
etho55;8
ethncf;10
ethn6l;2
etgrw6;0
etgrvx;0
etgqlc;2
etg98j;13
etg0hm;5
etfodz;9
etfkj6;0
etfgpc;0
etfbw9;5
etf7cw;28
etf1qs;9
etf0hn;0
etewnh;2
etew0z;3
etevf5;0
etet0y;1
etdqbr;6
etdhhu;41
etdfu1;0
etddth;0
etd2f1;49
etcvix;52
etcmdk;29
etchtu;1
etcbdb;7
etc938;3
etc6un;10
etbzdn;15
etbvre;10
etbtel;17
esylvh;9
etbppj;0
etbh8h;6
etb9wh;8
etb6ly;0
etb3x2;16
etaos5;2
etan0t;14
etamsn;5
etaie5;178
etagx4;52
etac9j;3
eta6oi;2
et9xor;5
et9q15;6
et9mgp;133
et9kua;32
et9co8;3
et9ckb;0
et9c26;2
et9blb;6
et9b8z;1
et9afq;0
et99g0;9
et960y;1
et92x8;0
et8yz2;67
et8xbh;2
et8bd5;4
et89ec;45
et87da;16
et84pz;0
et841o;2
et82ak;24
et80ci;5
et7xql;4
et7sr1;5
et7gr2;4
et7f7y;0
et6ytt;1
et6uae;147
et6scs;2
et5l3g;13
et5kfz;7
et5huq;2
et5ewa;2
et15vz;0
et53qk;5
et4xgu;4
et4qum;26
et4lgu;37
et4k7x;16
et4dh6;9
et4c1c;13
et3vzc;1
et3h1l;13
et3axk;0
et3a3k;6
et2zp8;18
et2wv3;0
et2ab6;3
et1xl8;2
eurxbe;0
eut7pr;0
eut4te;34
eut4sy;0
eusx3k;0
euswel;0
euswct;5
eusu9x;9
eustvw;0
eussqg;0
eusgii;27
ev4qgt;4
ev4p23;5
ev4flr;5
ev4f3r;0
ev4dfd;2
ev44oo;1
ev43la;0
ev40el;2
ev3ma5;16
ev3lbl;0
ev3kya;5
ev3jme;10
ev3ggs;3
ev3eaq;4
ev3dxz;2
ev3bva;1
ev37wd;34
ev351p;0
ev2w5z;3
ev2u8j;0
ev2k3s;1
ev2hbz;24
ev292e;0
ev23bq;220
ev1kcr;4
ev1ajf;3
ev1454;18
ev0d4s;0
ev02m8;0
ev00o6;14
euzyho;5
euzshu;3
euzbko;8
euz4dv;3
euywqx;6
euyokg;7
euy4bc;37
euxy0z;8
euxwu0;19
euxvf3;46
euxq4k;23
euxm0e;246
euxa2w;8
euwpk4;5
euwcos;17
euw40r;41
euvupu;25
euvtm9;3
euvpfz;1
euvm5m;12
euvjnf;0
euvcgn;25
euv5ij;0
euuqkp;15
euulml;19
euuig6;39
euuhk4;24
euubh9;0
euu7w5;33
euu31p;2
euty3a;4
eutw0a;0
eutuey;6
eutnb3;7
eutmdn;10
evn1yz;10
evn0v0;35
evmzjb;2
evmqwb;2
evmm3l;0
evml3t;3
evmjhz;3
evmd8l;4
evmc3h;0
evm905;0
evm064;133
evlz1w;1
evlvsq;17
evlv2f;1
evloya;25
evlo63;2
evlkgb;9
evlibe;7
evlhwe;3
evlfue;8
evl9ri;8
evl8kj;6
evl5zw;2
evl4y5;5
evl3ce;23
evjkdu;1
evkry1;1
evjrty;1
evkg9l;0
evkf63;22
evo2cw;2
evo1q9;0
evnxzj;0
evnu5j;1
evnt0h;4
evnq7r;1
evnpym;3
evnmmw;27
evnk1n;0
evnj3x;4
evnhzd;1
evng43;0
evkeeu;39
evka3b;8
evk9tj;11
evjuek;10
evju9f;10
evjmo8;20
evjfqq;6
evjf19;1
evjemh;160
evjarh;32
evigsn;14
evi04n;12
evhfrp;146
evhbbv;16
evh39k;7
evgop2;6
evgnab;77
evgjy7;2
evgjvv;2
evgaor;6
evgaj2;22
evg5w5;13
evg1ez;35
evfjmr;3
evfdyn;7
evfbvt;8
evf71a;74
evenjc;0
evedzs;94
evea34;18
eve9dg;14
eve420;14
eve0f8;97
evdwh6;19
evdtvx;21
evdc7k;60
evd63z;35
evctgp;43
evclyr;20
evbysc;5
evbyps;27
evbsuo;18
evbke5;22
evbir4;13
evbbca;7
evb54m;5
evb1vo;9
evatyw;35
evatxs;4
evarme;93
evalmt;13
evahba;10
eva5q5;30
ev9j11;14
ev9gma;4
ev9er7;17
ev8ycm;23
ev99yd;1
ev9859;0
ev95k7;81
ev8xpz;5
ev8sp3;38
ev8qor;2
ev8iub;7
ev8cv0;0
ev82of;1
ev81k1;9
ev7y6s;20
ev7ukq;2
ev7uib;24
ev7u61;4
ev7tc8;0
ev7pg7;8
ev7hnc;1
ev7dr8;12
ev77dx;3
ev73w5;10
ev6zk0;0
ev6ygw;3
ev6uok;6
ev6pb6;18
ev6kgb;1
ev6hgx;6
ev6fho;1
ev68xp;1
ev615a;262
ev5z09;8
ev5q4v;4
ev5l15;10
ev5h5q;1
ev5c2v;15
ev51wu;19
eur56t;0
ew5l8o;0
ew5jmg;7
ew4qb2;2
ew4lve;0
ew4lp5;1
ew4lc8;4
ew44nj;8
ew4j76;2
ew4f2c;0
ew46fw;0
ew43x8;6
ew3rwu;101
ew3r87;0
ew3qkq;6
ew3kld;1
ew3jkg;0
ew33zb;7
ew30wq;1
ew2y9r;10
ew2uo9;2
ew2qlf;7
ew2jvj;4
ew2izv;0
ew2g84;0
ew29fl;9
ew26mi;0
ew1yds;6
ew1o5p;5
ew1lun;11
ew1fak;39
ew0u1y;4
ew0ad0;30
ew09x6;4
ew07e5;7
ew040l;10
evzxc3;1
evzuw3;0
evznr3;29
evzevs;10
evz0lb;0
evyz3l;22
evyva7;4
evyo3u;4
evyk0t;0
evy9wc;3
evy3nf;4
evxt64;4
evxlth;17
evx4ag;17
evwi8f;19
evwbo0;2
evvz1y;284
evvt3z;1
evvnpd;6
evvknq;3
evvgdu;11
evv1sm;4
evv0cd;20
evuygj;1
evuuta;2
evuc9y;3
evu8wu;1
evu7jj;0
evu2b3;9
evtxbn;10
evtw1l;14
evtkjb;7
evta96;3
evt6bn;6
evt41f;26
evsx6m;1
evsvhw;3
evse8m;17
evsdjm;4
evsd1g;9
evsamg;1
evs9ys;2
evs4tq;18
evs4in;3
evs22z;3
evs1np;3
evrv5v;5
evrjyh;13
evren1;56
evrdgz;29
evr9g6;4
evr4jj;1
evr2co;2
evqme4;2
evqg07;8
evq1z7;18
evq1vc;16
evpwl4;8
evpucn;0
evpsr0;115
evpq5x;6
evpf59;3
evpeei;6
evpatx;26
evp18z;3
evoqzi;118
evoi9h;14
evmpg0;0
evo8us;243
evo7gb;3
