Never really heard that, I'm 4 years, other much much longer than that. I do also keep my brokerage with them so they aren't feeling too used and I only take out the max amount. They literally end up crediting 20-100 bucks every month. Fidelity and StateFarm also have the same deal and the exact same amazing rates (tried them all at the same time). So if it did go away I have backup plans, which of course don't include BTC, lol.
"No, but anything can be justified if necessary for defense of ones people and culture. To eradicate a foreign enemy that has reduced your own people to penury and is slowly and insidiously destroying your culture. 

Itâ€™s really all about who the enemy is and what theyâ€™re doing. People donâ€™t understand the egregiously sneaky and underhanded means that Jews resorted to in undermining the German nation and culture. 

The propaganda myth that Hitler simply hypnotized a whole nation with baseless lies about Jews is laughable. Would Americans want to expel all Catholics for zero reason?  No. There was a reason. There was a reason every single one of the hundreds and hundreds of times Jews have been expelled from European countries throughout history. "
"On paper, Fidelity has a 1% foreign transaction fees. In practice, they apparently don't charge it for ATM withdrawals. But if you ask them, they claim they do charge it. lol. 

State Farm is a nice option. But they denied me for too many Chex inquiries. :( I should have called them to reconsider. I do buy their insurance. So maybe I could have bargained. 

TD premier checking is also an option. It's unlikely they'll nerf the free international ATM deal since they require a $2,500 minimum balance to keep the account fee free."
"https://blog.plan99.net/the-resolution-of-the-bitcoin-experiment-dabb30201f7

https://www.reddit.com/r/BitcoinMarkets/comments/6rxw7k/informative_btc_vs_bch_articles/"
I donâ€™t support Bitcoin forks
"Sure, it makes sense that big institutions would benefit from running LN node. There is very low entry barrier, so I'd expect many businesses, even individuals doing it.

The big question is, even if big institutions become hubs, why that should be a problem? What power do they have?"
where can i read more about how segwit could be a trojan horse?
He wasn't saying use bank instead of Bitcoin. He was saying use another (better) bank instead.
CSW never claimed to be the voice of Satoshi, just the main part of Satoshi. He claims he had a lot of writing help, mainly from Dave Kleiman. Check out the papers they have co-authored.
"Yet another example of Core's lack of understanding of basic economics:

>[Freicoin] is an alt chain with the design goal that holders of the coin will have negative interest rates, as a means to increase the velocity of money by reducing the incentive to save. Fees are taken for holding coins and distributed to miners.

>The design of Freicoin specifies that during the initial money creation period (approximately 3 years), 80% of the generated Freicoins are to be distributed by the Freicoin Foundation via donations and only 20% are awarded to miners. This differs significantly from Bitcoin, in which 100% of issued Bitcoins are awarded to miners. At the time of writing this, the exact methods and procedures describing how the Freicoin Foundation would direct its donations, were not available yet.

"
I don't necessarily agree with your premise, but this is an informative comment.
What is the purpose of a non mining node? Also, how many nodes do you think should be on the network?
"r/bitcoin silently removed my posts and they censor almost everything resulting in an awkward subreddit where you should be very careful what you say.
And don't you dare even **mentioning** an altcoin. That's just how I experience r/bitcoin"
"Segwit can segregate witness data and people won't need to download it 'if they don't want to verify the chain'. So, if people are not validating their own data then how do they know a bad actor isn't manipulating the blockchain and inserting invalid transactions?

This is a pretty powerful tool for some hackers, much smarter than me, to manipulate to try and pull off some heists.

The whole point of the blockchain is to not need to trust a third party. Why do you think this is worth the minimal improvements in fixing transaction id malleability which is not an issue as long as you don't track transactions simply by their ID (which was shown to be a bad idea in 2014).

But core is connected to Blockstream AXA who are connected to the big banks.

So let's put two and two together.

Big banks want...

Bitcoin to establish Segwit where people 'trust' third parties to validate transactions for them to 'save bandwidth'. 

Bitcoin to be too expensive to spend 'on chain' (settlement layer lol) so you are forced to....use lightning networks run by centralized banks who have absolute control over any transactions that go through it...

Do you think bankers want a decentralized system of money that has a limited number of coins and all transactions can be publicly accounted for? 

Or do you think the miners are just super greedy and they want to get rich off doing exactly what Bitcoin designed them to do? 

Also, whenever anyone had an idea that diverged with Bitcoin's original strategy they were forced to create a new coin. 

But core/AXA decided to abolish the white paper and change Bitcoin into a very very VERY different coin with a VERY different function, and got away with it by censorship and propaganda.

Trust who you will."
"The Bitcoin whitepaper defines Bitcoin as a chain of digital signatures. The ability to produce a signature for a given output is what makes it so people can't just steal bitcoins without gaining access to the private key. Segwit coins rely on a kludge called ""Anyone Can Spend,"" and they are only secure on BTC under the assumption that everyone else is running segwit-compatible software as well (which is currently true). 

If someone made a fork of Bitcoin that removed Segwit, all coins stored in segwit addresses could be spent by any miner who wanted to, even though they don't have the private key. "
"Seems reasonable. The poor arent fucking with bitcoin, in the slightest. By any metric.

Its a speculative investment bubble for people with disposable income. Dress it up however."
im only in bitcoin to make EZ MONEY
I dont get it?
So you're saying that BTC is shit and Bitcoin Cash is useful? I agree!
"The idea that the ""poor"", the REAL POOR, have money to afford a smartphone, and knowledge about crypto to use it, is, in general, for now, stupid. /r/dogecoin is that way if you really want to help them."
"Remitly usually has the best rates for India. Not sure how the rates compare for the Philippines. You can check it out. 

Also the crypto to fiat exchange rates are consistently higher in India. For example, on https://ethexindia.com/, the current rate is 24,200 INR (372.16 USD) per ETH. But you can buy ETH for 360 USD in the US. So you might end up getting a better value. Things may change in the future though. "
"He's one of the main developers of Bitcoin Core. Many people in this subreddit feel that Bitcoin Core hijacked the Bitcoin project and are trying to turn it into a high-fee network for ""settlement transactions"" ([which they openly admit is what they are trying to do](https://www.docdroid.net/NG1sbVq/pantera-march-2017.pdf)). That resulted in a splinter faction creating a fork of BTC called Bitcoin Cash, which is trying to be [peer to peer electronic cash](https://bitcoin.com/bitcoin.pdf)."
"I keep hearing that but about Fidelity but I can confirm personally that the rates on all 3 cards were exactly what they should have been.  You know what's weird is, State Farm denied me too for ChexSystems but I called, or somehow they issued it anyway, it was weird, almost like it was an error. I ended up getting it. So try again and then def call, the denial might not even be real.

Now USAA they definitely charge the 1%."
"*cunts

Just say it."
For now they are, but the second cryptocurrency technology becomes scalable and widespread, should a coin get corrupted it will be easy to move to a new one. Bitcoin becomes slow and unusable? Well, shit Bitcoin but I need my money today and I don't want to pay high fees so I'll be using something else thanks. That's the whole idea of decentralisation. It can't be contained anymore, centralised entities don't need to be relied on, thus they don't have concentrated power. People really really *REALLY* underestimate how much this is going to change everything. Andreas has a great talk about a kooky individual in 19th century san fran cisco who decided to make his own money because he disagreed with how the US fed was conducting itself, his kook-bucks actually gained some traction and began to be accepted at stores as part of a social rebellion against the US fed policies. You could literally tank an entire economic system by refusing to engage in commerce using its money. This type of money boycott will be so much easier in the future thanks to crypto. Atomic swaps for instance.
Cos it's a bad advertisement. Pay for banner, don't just shill for a sub in random places
"Whatâ€™s the difference between endorsing, and suggesting people use something because itâ€™s better?

What heâ€™s saying is literally the same as going to a Baskin Robbins ice cream shop and the girl behind the counter saying if you want ice cream you should go across the street to Dairy Queen instead."
"> you people are delusional.

Cool. Tell me why.  Iâ€™ve been in this space since January 2012. Iâ€™ve watched this entire thing play out literally 2 to 6 hours a day for the last 6 1/2 years. 

Tell me exactly what the I donâ€™t get.  Iâ€™m willing to bet youâ€™re pretty new here. Because most of the people who buy coreâ€™s shit, are. 

They have no idea the history. Have no idea how things used to be. They have no idea whatâ€™s changing, and why itâ€™s bad. 

So tell me. Where is my delusion.  Because I kind of pride myself in being one of the only people I know that accepts reality whether I like it or not."
ASIC-resistance complicates calculation of an attack cost. ASIC-resistance doesn't prevent ever-increasing barrier for entry in mining. How secure is it? Let's see if any such crypto will rise
Well, positions of power over others generally brings in those who like to abuse that power. Cops are a great example of it in the real world.
Youâ€™re an idiot. I wish I had the patience to talk to you, fortunately for you I do not
"""The poor are people too?  Commie!"""
Can you explain why the extra quote about pacifists is relevant to rbitcoin?
The UK
The point wasn't that Bitcoin is for the poor and to hell with the wealthy. The point is that the wealthy aren't anywhere near as impacted by lack of methods to move money around as the poor are. The poor & unbanked of have a lot more utility to gain from bitcoin (cash) than the wealthy do.
Looks like /u/theymos and /u/bashco are famous now ðŸ˜
I understand, thank you for the context!
I read /r/Bitcoin, saw the thread yesterday, and felt compelled to make a comment. Which part of that was manipulation?
Where is home? I used to move money from China to the US using Bitcoin.
$1 /u/tippr
As CTO of a company that is debanking Africans in Ghana and Senegal using cryptocurrency, I can confirm this is VERY relevant.
"and youtube, instead of watching ads you could pay a fraction of a cent a second and ""stream"" your money directly to user created content"
Thx, I'm not a native speaker
You're right.  He could devalue his creation significantly.  But he can't destroy it.
"I think it's an accurate distinction. Narrative hijack has lead to things such as ""Bitcoin is digital gold, not currency"" and ""just use litecoin,"" but Bitcoin the honey badger lives on as BCH."
There's nothing semantic about it. Both chains do exist, cos both chains are open blockchains. Bitcoin Segwit is an open blockchain, but without future
The users quit ~~using~~ spamming their own network? What a relief!
Good for you. I'm glad Bitcoin is permissionless. 
"u/Experience111, you've received `0.00083778 BCH ($1 USD)`!
***
[^^HowÂ toÂ use](https://np.reddit.com/r/tippr/wiki/index) ^^| [^^WhatÂ isÂ BitcoinÂ Cash?](https://learnbitcoin.cash/) ^^| [^^WhoÂ acceptsÂ it?](https://acceptbitcoin.cash) ^^| ^^Powered ^^by ^^[Rocketr](https://rocketr.net) ^^| ^^r/tippr  
^(Bitcoin Cash is what Bitcoin should be. Ask about it on r/btc)"
"Speaking of mods, They sticked someone calling me phony and fake while I was raising awareness that Bittrex Disabling accounts and Ignoring tickets..
You want a decentralized economy we need a decentralized social platform while sticking or removing any post should only take a place when It has the votes of the majority "
"That's fair enough; I don't think there was any malicious intent with it though.  I'm sure many commenters and voters came from here but there wasn't any planned coordination to brigade it.  It also reached the front page before that post was made."
"Very poor quote. You should post the rest about how he was referencing the American leaders, as much as his own cronies.

> â€œOf course the people donâ€™t want war. But after all, itâ€™s the leaders of the country who determine the policy, and itâ€™s always a simple matter to drag the people along whether itâ€™s a democracy, a fascist dictatorship, or a parliament, or a communist dictatorship. Voice or no voice, the people can always be brought to the bidding of the leaders. That is easy. All you have to do is tell them they are being attacked, and denounce the pacifists for lack of patriotism, and exposing the country to greater danger.â€
 
 >â€” Herman Goering at the Nuremberg trials 

Even snopes had the full quote..."
Bitcoin is not a get rich quick scheme.
$1 /u/tippr We aight
">their goals were as I wrote.

Sure.

And if you asked me for a measure by which to judge the actions of a regime, and I told you *'their goals,'* I hope you would laugh at me for being so hopelessly naive.

But more to the point: if you think mass-murdering children can be justified in the name of *'promoting family values'* or *'getting people back to work'* then you're not just naive, you're a truly sick person. "
"u/chillyhellion, you've received `0.00418333 BCH ($5 USD)`!
***
[^^HowÂ toÂ use](https://np.reddit.com/r/tippr/wiki/index) ^^| [^^WhatÂ isÂ BitcoinÂ Cash?](https://learnbitcoin.cash/) ^^| [^^WhoÂ acceptsÂ it?](https://acceptbitcoin.cash) ^^| ^^Powered ^^by ^^[Rocketr](https://rocketr.net) ^^| ^^r/tippr  
^(Bitcoin Cash is what Bitcoin should be. Ask about it on r/btc)"
Haha, that's one way to force me into learning about bitcoin. Thanks!
"> faith 

fate"
Yep
I have a few thousand. https://twitter.com/abrkn/status/932485215725019136
"No problem! 

/u/tippr $5"
It truly is. Too long to watch it in one go, but it's worth sticking to it.
Every side is guilty of the same tactics to achieve their own ends.
">  If it every gets to that stage maybe, i dont think it will be anytime soon.

The underlying purpose of ALL cryptocurrency is as a HEDGE against us reaching that stage.

Don't think it can never happen."
If by Bitcoin you mean both sides of the fork, yes. They can control one side but we can just fork away. We can even *provisionally* fork away as an insurance policy, like with Bitcoin Cash, as a way to ensure Bitcoin slips more and more out of their grasp the more they tighten their grip.
AXA, for starters. 
I think at this point bitcoin is too young to disrupt banking and finance on a level to create real wages. I donâ€™t think any bitcoin owner wants that until later when the price is closer to the hopefully realized fantasy of 6figures. Which means fund money will be in. Funds have power and a voice that will help battle banks. Right now if bitcoin were to go toe to toe with banks and the fed it would lose in my opinion. My bitcoin knowledge is small but growing, however that doesnâ€™t change that we know the US and every other financial system are rigged and outsiders better have real power and leverage to go toe to toe. 
What prevents miners from just forking and giving themselves a better reward?
"Remitly is pretty good. I think Schwab shuts you down if you withdraw internationally too often. At some point it just becomes too unprofitable for them. 
"
Just remove all the bitcoin transaction fees.
"Something about modship seems to attract the worse petty dictators and feed their impulses. We're blessed to have mods on this sub who understand that ""the mod who mods best mods least."""
[deleted]
Wow, really? Guy offers an alternative solution to a poster's problem and thats _proof_ Blockstream is bankers? Tell you what, look up for /u/crypto_moneybadger and volunteer yourself to teach his/her mom how to use bitcoin. This includes teaching her how to use a smartphone and buying her one if she doesn't have one of course, wallet apps, and exchanges so she can cash out btc for local currency and live from it. Go ahead, I'll wait.
The stability issue is bogus. There are swaps and others derivatives that can ensure stability for those applications where it is needed. This stuff can be done onchain with bigger blocks.
Because he's a voice of reason. The car isn't a religion but you guys sure treat it like one. People know the horse system, if I told my mom we're going to try this Car thing she wouldn't even want to hear it. Horses are what people are comfortable with, he's trying to help.
"In September 2015 (yes it's been going on that long), the head moderator of r/bitcoin put a sticky saying he was going to censor all posts that disagree with him on the direction of Bitcoin development. The censorship there is not a secret or conspiracy, he explicitly said it's his policy. He famously said that even if 90% of all users disagreed with him, he'd still do it.

At the time r/bitcoin was the only bitcoin subreddit and arguably the most important communication channel for the community. There was a huge backlash among engaged users and r/btc was eventually born, but most casual or new users have no idea what's going on.

For more than 2 years now r/bitcoin has been a highly censored propaganda machine for one narrow view and is not at all representative of the community at large.

This not only split the community, sowed distrust and bad blood, it also continues to mislead the massive influx of new users who have no idea that r/bitcoin is a propaganda machine and who just take it all at face value.

Part of the reason bitcoin has precipitously lost market share in the cryptocurrency space this year is because of these kinds of bad actors in the bitcoin space. Tons of talented devs and major businesses have simply left bitcoin and are now working on other cryptocurrency projects."
"Read this:

https://medium.com/@johnblocke/a-brief-and-incomplete-history-of-censorship-in-r-bitcoin-c85a290fe43"
I use Bitcoin (cash) for payments all the time. Works great.
He's an idiot.No need to answer him.
"> Every side is guilty of the same tactics to achieve their own ends.

Wat?

How you get that from â€œdenounces the pacifistâ€?

"
Yes. Bitcoin can be used to disintermediate Twitter and Facebook by rewarding users instead of creating advertising revenue.  This will usher in Web 3.0.
[removed]
"If you read /r/bitcoin and saw it and made a comment, no manipulation there

If you clicked the linked thread here, that's the manipulation"
Send me yourz and i prove it to you 
"It's not about pacifists; ""whether itâ€™s a democracy, a fascist dictatorship, or a parliament, or a communist dictatorship.,"" is the relevant part, I simply included the entire quote for contextual accuracy. That being said, I do agree with your premise, I just feel your quote fails to capture the necessary context.

My point is do not forget whom the real enemy is

>The Times 03/Jan/2009 Chancellor on brink of second bailout for banks

These people work day and night to wreck any form of consensus/government for their own gains."
"> A Century of Self

Thanks, it's on my list now."
Thank you so much for taking the time to do that.
This. I've actually delayed some of my businesses from 2015 until next year because of this. Chilling effect indeed.
"u/Egon_1, you've received `0.00083778 BCH ($1 USD)`!
***
[^^HowÂ toÂ use](https://np.reddit.com/r/tippr/wiki/index) ^^| [^^WhatÂ isÂ BitcoinÂ Cash?](https://learnbitcoin.cash/) ^^| [^^WhoÂ acceptsÂ it?](https://acceptbitcoin.cash) ^^| ^^Powered ^^by ^^[Rocketr](https://rocketr.net) ^^| ^^r/tippr  
^(Bitcoin Cash is what Bitcoin should be. Ask about it on r/btc)"
Thank you, very gentleman :)
"Incentives. See [here](https://www.reddit.com/r/btc/comments/7e06jm/big_blocks_how_far_can_we_take_it/dq2boad/). ""Nodes"" that don't mine grant zero voice. If a business is powerful they can exert influence, but it has nothing to do with whether they run a ""node"" or not."
"Excellent question! **Game theory**: trust cracks, people switch to other PoW coins or from PoW in general, miners lose their investments and golden goose. And if trust is never cracked, golden goose grows indefinitely. Works flawlessly since 2009. Game theory protects us from internal 51% attack, nothing else

From external 51% attack there's no protection, but it's not economically feasible from known economic agents plus it only strengthen the system, so it likely won't happen"
infamous cunts.
iota is the answer
ðŸ˜‰
"> robbing people of their money

how is it possible to rob people of their bitcoin money? "
Bitcoin is an online phenomenon. Most Bitcoin discussion is taking place online. You're right that Bitcoin is bigger than a subreddit, but the fact that so much prime internet real estate is controlled by the same censoring nutjob should be very worrying regardless.
Yeah, like no one ever does that - where have you been for the history of Reddit?
Yeah, BitcoinCash isnâ€™t Bitcoin
Lightning network will be cheaper.
Bcc is dead dude
"Reminds me of The Grand Inquisitor. tl;dr:

>In the tale, Christ comes back to Earth in Seville at the time of the Inquisition. He performs a number of miracles (echoing miracles from the Gospels). The people recognize him and adore him, but he is arrested by Inquisition leaders and sentenced to be burnt to death the next day. The Grand Inquisitor visits him in his cell to tell him that the Church no longer needs him. The main portion of the text is devoted to the Inquisitor explaining to Jesus why his return would interfere with the mission of the Church.



https://en.wikipedia.org/wiki/The_Grand_Inquisitor"
"I donâ€™t think that anything you said refutes the points in my post. The Nazis were harsh and cruel at times, but their goals were as I wrote. 

"
