,day,result,label
0,2015-12-15, fun mod être draw post btc bitcoin ftw,1
1,2015-12-16, mod btcdrak moderator frustrate fully zero bitcoin grave,0
2,2015-12-17, downvote enlargement way equivalent fashbinder_pwn ignore control algorithm,1
3,2015-12-30, run reddit subreddit thing think,0
4,2015-12-31, http yesterday reddit newbs changetip funding fund ad,1
5,2016-01-01, mod http day certain reddit wwwredditcom advertising ad,1
6,2016-01-18, http core fraction fracture fork free zwelithini bitcoin,1
7,2016-01-19, fwiw code hardware chain happen time bitcoin yourlogicalfallacyiscom,0
8,2016-01-20, thank body shout,1
9,2016-01-21, core democracy make zero greed globally bitcoin greece,0
10,2016-01-25, feed core theymos jest fan censorship file bitcoin,0
11,2016-01-26, http especially say yes enjoy develop adam3us bitcoin,0
12,2016-01-27, http blockstream yesterday try censor forget bitcoin fantasy,1
13,2016-02-01, fuck censor word body,1
14,2016-02-08, body bitcoin_official,0
15,2016-02-11, http delete discussion follower folk coinbase bitcoin youtube,0
16,2016-02-12, year gavin attack new god fuck non chain,1
17,2016-02-14, wladimir aware bad house time know,1
18,2016-02-25, block http core highly zyltk6pmjgg finalize fighting bitcoin,1
19,2016-02-26, figure 链上 block chain finally nip think bitcoin,1
20,2016-02-27, generate bitcoin finger transaction yeah company fix chain,1
21,2016-02-28, fragility hero problem believe yes forest chain network,1
22,2016-02-29, http kind matter transaction time maximum localbitcoins average,1
23,2016-03-01, zxe4z41jpg block http difference transaction dev time differently,0
24,2016-03-02, block fee end yes cheap gravitate bitcoin emphasize,0
25,2016-03-03, actual 48m211 wwwredditcom wow,0
26,2016-03-04, core miner final make feel fall zero bitcoin,0
27,2016-03-05, core zombie people like free firstly bitcoin ftp,0
28,2016-03-06, thank _thick_ team boys anf body just wow,1
29,2016-03-12, 我们的未来不取决于比特币 http blockstream consensus connect make major bitcoin,0
30,2016-03-13, block blockstream fundamentally make goofed goddamn bitcoin yup,1
31,2016-03-14, hop block hard node handle just youve network,1
32,2016-03-15, bilderbergers case metric body gaining developer,1
33,2016-03-18, body great,0
34,2016-05-02, satoshi financial flaw craig authority goal zero bitcoin,0
35,2016-05-03, newsweek satoshi fixate say young people form just,1
36,2016-05-04, voice body salad love spot,0
37,2016-05-05, week body post best,1
38,2016-05-06, frankly gavin great frustrating satoshi wright signature indexphptopic,1
39,2016-05-07, gavin hate wwwtheregistercouk scammed fortunately people holding know,0
40,2016-05-08, hearn banned wwwredditcom available able body evidence mike,0
41,2016-06-30, block core middleman inside curb mid miner bitcoin,1
42,2016-07-01, great core gilles friction say york miner bitcoin,1
43,2016-07-02, instead year http people peer bitcoin original network,1
44,2016-07-03, core hf 2mb hide yield bu just generalize,0
45,2016-07-13, possible post maxblocksize result,0
46,2016-07-26, fortunately chinese body generally read,1
47,2016-09-22, nice status core good xthin coercion bitcoin confuse,0
48,2016-11-14, zealous people post harming harm glenn bitcoin btc,1
49,2016-11-15, github core glad censorship fork york bitcoin finality,1
50,2016-11-16, fragility github core price yes censorship fix bitcoin,1
51,2016-11-17, investors fork people york forum holder 21m bitcoin,0
52,2016-11-18, year suspect excuse thing andreas bitcoin hope,1
53,2016-11-19, ahh reddit ack famous make hey andreas wow,1
54,2016-11-21, we_need_a_sticky_explaining_why_moderation_is link ack vote bleep totesmessenger thread bitcoin,1
55,2016-11-23, http 5edrgr censor hey bitcoin btc verified freedom,0
56,2016-11-24, china great mining way long ack country 90,0
57,2016-11-25, censorship hack guideline like zero comment friedenbach bitcoin,1
58,2016-11-26, focus method fluctuation fork york use bitcoin community,0
59,2016-11-27, head resign felt hack zcash bitcoin post bitfinex,0
60,2016-11-28, deal body censorship,1
61,2016-12-01, ack body,1
62,2016-12-02, http contribute wwwredditcom wrong invisible just comment thread,1
63,2016-12-03, reason implicitly manipulating goal btc company bitcoin indication,0
64,2016-12-05, mod care opinion mouthpiece wu work echo,0
65,2016-12-13, ack body,1
66,2016-12-14, attack creep believe ve yes ack thing famous,0
67,2016-12-17, blocktime huuuge bitcoins body make happiness want bitcoin,1
68,2016-12-20, shut reddit sub want,1
69,2016-12-23, opinion delete fact form post voted consideration bitcoin,1
70,2016-12-24, mod similar yes look,0
71,2017-01-01, covort http iab4 world wwwredditcom link cuck ver,1
72,2017-01-02, http entertainment youtubefactsbot body estate hey just bitcoin,1
73,2017-01-03, idea theymos look leave people work bitcoin view,1
74,2017-01-04, crash core wo goxedbux transaction impact increase winner,1
75,2017-01-05, block early dramatically node zcash size frustration bitcoin,0
76,2017-01-07, ve waist body ban candid,1
77,2017-01-09, thing limit want raise,0
78,2017-01-10, ethereum eric invest wwwredditcom eth comment bitcoin commit,1
79,2017-01-13, body boi jr luke,1
80,2017-01-19, block fee focus transaction hypocrisy bitcoin liner i_was_jk_when_i_posted_this_comment_then_it_was,1
81,2017-01-20, block github z9i5v1yn0 segwit people goddamn gizmodocom bitcoin,0
82,2017-01-21, block run equal eventually node individual bitcoin fud,1
83,2017-01-22, contrast wwwredditcom link post like troll bitcoin know,0
84,2017-01-23, block fee demand transaction yes forum forward bitcoin,1
85,2017-01-24, block attack ve btccom ban thanks bitcoin know,0
86,2017-01-28, http moment world help transnational bitcoin limit developer,1
87,2017-01-29, body,0
88,2017-01-30, gavin core say fiver forum zero forumphotos bitcoin,1
89,2017-01-31, block forever financial say inject forks just bitcoin,1
90,2017-02-01, wwwyoutubecom forever http net focus censorship like bitcoin,1
91,2017-02-02, zobw delete theymos ack docsgooglecom survey divide forms,1
92,2017-02-03, core forbidden gon following protocol bitcoin youtube know,1
93,2017-02-04, yall drawback blockstream reply hardfork history segwit bitcoin,1
94,2017-02-05, delete mods body fuck comment,0
95,2017-02-06, year value utility enjoy eth money gtfo bitcoin,1
96,2017-02-08, http wwwredditcom lightning_network_is_no_panacea_here_is_an_image transaction kb comments viabtc network,1
97,2017-02-09, http yesterday gem giant censorship quality freely bitcoin,0
98,2017-02-10, people think make file final feeling bitcoin zuckerberg,1
99,2017-02-11, general mining idiot come fork foundation zero just,1
100,2017-02-12, rock use regulation bitcoin suppose transparency,0
101,2017-02-13, end censorship currently use blatant trust bitcoin,0
102,2017-02-19, wish core subreddit unlimited body just bitcoin btc,0
103,2017-02-21, title bad balanced view read bitcoin suggest,1
104,2017-02-22, body,1
105,2017-02-27, fee segwit transaction hahaha zcash haahaa bitcoin haaahaa,1
106,2017-02-28, fee 0066 bitcoin transaction use channel massive client,1
107,2017-03-02, grab block consensus zone govcoin bu fundamental bitcoin,1
108,2017-03-03, block honest guess yes guy fork node bu,1
109,2017-03-04, 50 transfer body yeah 204 usd today minute,0
110,2017-03-06, generated indicator fee block address ó5ôë gen bitcoin,1
111,2017-03-07, block http zombie disagree bu friggin bitcoin fucking,0
112,2017-03-08, debate fee original interested yes increase decentralization bitcoin,0
113,2017-03-12, block yingsena focus fork fact bu face hard,1
114,2017-03-13, honesty core heavy say bu zero bitcoin hope,1
115,2017-03-14, general king goal halt people bu bitcoin network,1
116,2017-03-15, attack decent core misery decision bu bitcoin innocent,1
117,2017-03-16, year bug attack core factor fail extremist bitcoin,0
118,2017-03-18, zealous fork bitcoinpdf think bitfury key bitcoin chain,0
119,2017-03-19, fork guy label happen zero bitcoin chain btc,1
120,2017-03-20, headroom chain pow home holder miner zjvh1 bitcoin,1
121,2017-03-21, write attack hashpower pow ignorant ideally miner chain,1
122,2017-03-22, wake reddit propaganda yeah ad,0
123,2017-03-23, core level leverage leave people bu zero bitcoin,0
124,2017-03-24, economics goal people army point zero emergent bitcoin,0
125,2017-03-27, ethereum establish zombie like heavily hearted bitcoin just,1
126,2017-03-28, gfc group people make zcash just bitcoin grow,0
127,2017-03-29, extremely fan fast people use zero bitcoin just,0
128,2017-03-30, bug run yum finer think far familiar community,0
129,2017-04-08, think regard upgrade version,0
130,2017-05-01, blockstream herd zero hire helpful segwit patent bitcoin,1
131,2017-05-02, blockstream yow furthermore make patent fittest bitcoin fuckton,1
132,2017-05-03, 500000 block tx 1mb money work 200 include,1
133,2017-05-04, nervous block 000 transaction miner crusade bitcoin crypto,1
134,2017-05-05, need block coopted neck zuen56 node bitcoin negative,0
135,2017-05-06, block finite people form free zero bitcoin chain,1
136,2017-05-07, block ln learn 10 jump work bitcoin lightning,1
137,2017-05-08, year problem incentivized inside just market segwit know,1
138,2017-05-09, great user transaction make zero bitcoin layer grow,1
139,2017-05-10, http level wwwredditcom fork body ll like control,1
140,2017-05-11, proof thanks tx insightbitpaycom,1
141,2017-05-12, reality ve fact mandela remember,0
142,2017-05-17, block fuckcorejihanandver fraction chain kong bitpay bitcoin friend,1
143,2017-05-18, block fast fact peer far bu bitcoin youuuuu,1
144,2017-05-19, need block formal functional node zero gain bitcoin,1
145,2017-05-20, block hardly ha transaction node zero harder bitcoin,1
146,2017-05-21, type good upgraded nest zero output segwit grow,1
147,2017-05-22, activate transaction zombie able node segwit non wallet,1
148,2017-05-24, need user transaction work luck,1
149,2017-05-26, cost body bandwidth real,0
150,2017-05-28, lol propaganda fact body just,1
151,2017-05-29, today body stand,1
152,2017-06-02, http blockstream great zoidberg ground people generates bitcoin,1
153,2017-06-03, mod field make frustrate ironically fiat bitcoin btc,1
154,2017-06-04, aspiring launch body like want ad company post,0
155,2017-06-05, block year fee invite heterogeneity garzik limit grow,1
156,2017-06-09, http message logical delete list exchange 对不起你的损失 composeto,1
157,2017-06-10, fee yuan govern transaction use grader gpu bitcoin,1
158,2017-06-11, nano limit fee nasdaq pre transaction monumental bitcoin,1
159,2017-06-12, function transaction future yoiu fully ban bitcoin btc,0
160,2017-06-13, http meaningfully fine harm bitcoin limit btc greatfirewall,1
161,2017-06-14, block governmental grateful intention uasf grant bitcoin chain,0
162,2017-06-15, http chain transaction good interesting interpretation node youtube,0
163,2017-06-18, cause http website available blockbountiesinfo child miner include,0
164,2017-06-19, http fee yesterday contribution transaction everybody excite know,1
165,2017-06-22, ųbtc block fee goatpig transaction goal hacktivist bitcoin,1
166,2017-06-23, block fee transaction closely litter zero bitcoin layer,0
167,2017-06-24, block write growth bu work large bitcoin hash,0
168,2017-06-25, concept worry user like want just pos layer,0
169,2017-06-26, muy guess user spend intermediate node trader grow,0
170,2017-06-27, ln improve hk hmmm channel bitcoin ಠ_ಠ network,1
171,2017-06-28, gold ln money global channel bitcoin gg ಠ_ಠ,0
172,2017-06-29, ln intended node later comment knowledge bitcoin network,0
173,2017-07-16, yh nano body ledger,0
174,2017-07-18, fee start way charge withdrawal trade fund,1
175,2017-07-22, asicboost goodbot segwit young https miner bitcoin gov,1
176,2017-07-23, feature people fool make like zero fiat bitcoin,0
177,2017-07-24, core hidden govern hardfork want hey just,1
178,2017-07-25, block join gpus funded segwit patent gox bitcoin,0
179,2017-07-26, block transaction yes fully bitcoin freely segwit friend,0
180,2017-07-27, worldwide paper bitmain yeah multiple patent non know,1
181,2017-07-28, year constraint convince body like node kid false,1
182,2017-07-30, grossly block miner grammar zero bitcoin segwit gregory,1
183,2017-07-31, block month chain november miner zero misunderstanding segwit,1
184,2017-08-01, genesis block transaction bcc gentlemen gdax zzzzzzzzzzzz bitcoin,0
185,2017-08-02, haha gel zone like generally just cash bitcoin,0
186,2017-08-03, помаз block guarantee transaction cash highlight gum bitcoin,1
187,2017-08-04, http 00 counter counterpart people minutes cash bitcoin,1
188,2017-08-05, grain gun zone people just bitcoin btc grandma,1
189,2017-08-06, value budgetary good lever money bitcoin 000000001 lightning,0
190,2017-08-07, gang fundraising people make fund just bitcoin ð0010000,1
191,2017-08-08, forth fee zip like cash bitcoin droids fortunecom,1
192,2017-08-09, need segwit2x kind lansing youtubefactsbot cash support bitcoin,0
193,2017-08-10, new world economic fork eventually exchange support economically,1
194,2017-08-11, heros ive transaction hurdle hell people segwit bitcoin,1
195,2017-08-12, block holy_shit_greg_maxwell_and_peter_todd_both_just segwit transaction zombie historical hydroelectricity bitcoin,1
196,2017-08-13, gon zombie gosh make btc just bitcoin gregory,1
197,2017-08-14, ethereum function generate yes like time bitcoin generation,1
198,2017-08-15, body delete investment,0
199,2017-08-16, block fee transaction experiment fence zero fell bitcoin,1
200,2017-08-17, block onchain transaction conveniently open 0000001 miner bitcoin,0
201,2017-08-18, early guess people like zero guilty bitcoin btc,0
202,2017-08-19, fraud think make flag zero bitpay bitcoin fraudulent,1
203,2017-08-20, block bch minus 000004 micropayments commonly time miner,0
204,2017-08-21, 000039 coinbase mankind just management support bitcoin mobile,0
205,2017-08-22, blockstream 000075 nevermind segwit patent defensivepatentlicenseorg nonsene bitcoin,1
206,2017-08-23, http informational guide invention people just guilty bitcoin,1
207,2017-08-24, fee yesterday highly hilarious glad transaction segwit bitcoin,1
208,2017-08-25, block http fee flat fungibility funding bitcoin zoobas,1
209,2017-08-26, http yr fidget transaction people eyeing field bitcoin,0
210,2017-08-27, feature http fee youth firm use hashcash bitcoin,0
211,2017-08-28, mass craig transaction 03ms meaningful miner bitcoin network,1
212,2017-08-29, hubs transaction ho zone just hmmdo comment bitcoin,1
213,2017-08-30, fee 001 transaction bandwidth belief ln_ comment bitcoin,0
214,2017-08-31, zap feed extrapolate bot message fees use bitcoin,1
215,2017-09-01, general http zealot people forward generally just bitcoin,1
216,2017-09-02, bot subreddits heavy reddit break youtubefactsbot hide fud,0
217,2017-09-03, compose 00002121 usdt tether usd compound massive btc,1
218,2017-09-04, year rate account look exist oblivious impossible include,0
219,2017-09-05, interested price overwhelm tether stock share worth investor,1
220,2017-09-06, ensure price eq yes hack exchange bitcoin bank,1
221,2017-09-07, buy yes hell happen like headed bitcoin btc,1
222,2017-09-08, congratulation merit people match intervene cash bitcoin btc,0
223,2017-09-09, growth overtly ground people post ban zrx bitcoin,1
224,2017-09-10, mod way issue use ignore zero special huge,0
225,2017-09-11, mod http hold suppress use zero special frequently,0
226,2017-09-12, usdt yes body use happen usd just 340mil,0
227,2017-09-13, directly doubt price tether drop zero likely bitcoin,0
228,2017-09-14, yourbtcc ve currency body tether lord just bank,0
229,2017-09-15, treat buy large bcc body exchange training,1
230,2017-09-16, 25m body 14th,0
231,2017-09-17, bcash http fee powered yes fork cash bitcoin,0
232,2017-09-18, m8 body coin thanks wow,1
233,2017-09-19, http bot wwwredditcom boop body fucktoken fuck ____,0
234,2017-09-21, early case body mover happen transition just bitcoin,0
235,2017-09-24, kyc awesome use tippr hub cash bitcoin ﾟヮﾟ,0
236,2017-09-25, http fee fast felt segwit channel bitcoin ﾟヮﾟ,1
237,2017-09-26, extend issue foot wallet factor bch bitpay bitcoin,0
238,2017-09-27, http character yoursorg ico generator cash bitcoin gigabit,1
239,2017-09-28, http dick differ discredit zero cash bitcoin just,0
240,2017-09-29, fun 250 date davenport fork bet wow,0
241,2017-09-30, cultism fork zombie objectively bet correlated bitcoin btc,1
242,2017-10-01, legacy worthless core date 10 coin damn send,1
243,2017-10-02, business mpesa body bet zero come wot,0
244,2017-10-03, http pesa financing wwwredditcom enwikipediaorg money faq mobile,0
245,2017-10-04, block bch gunning zone hahaa miner harder eda,0
246,2017-10-05, block human transaction hurry kettle miner bitcoin huge,1
247,2017-10-06, idea buy card yes gift bch inflation fud,1
248,2017-10-07, http index youtubefactsbot body happen hostile fail youtube,1
249,2017-10-10, uasfers sw2x trick sw,0
250,2017-10-11, browser reddit ad inside labelling support bitcoin know,1
251,2017-10-12, heavy invention people btc bch bitcoin hands hardforks,1
252,2017-10-13, block http generation friday node bitcoin zeusvirus10 friend,1
253,2017-10-14, block email_authentication hominem transaction node hit knowledge bitcoin,1
254,2017-10-15, zimbabwe hahahahaha just people iedit bitcoin hahsrate crypto,0
255,2017-10-16, need zimbabwe hidden fork haven headway bitcoin hard,1
256,2017-10-17, http flourish people use floor inevitable bitcoin foolish,0
257,2017-10-18, fight friday forum like zcash segwit bitcoin network,0
258,2017-10-19, material loan money mattress zero math bitcoin bank,1
259,2017-10-20, gritty group freetrade68 kid bch just bitcoin btc,1
260,2017-10-21, guru gtfo transaction people zone just fundamental bitcoin,1
261,2017-10-22, block impractical hodling hf node make bitcoin label,0
262,2017-10-23, falsehood post people genuine false bitcoin btc job,0
263,2017-10-24, yuuup sub hinder hawkinst people post haven bitcoin,0
264,2017-10-25, block extraordinary fractional transaction extra zero bitcoin network,1
265,2017-10-26, genesis blockstream yikes like gotten generally just bitcoin,1
266,2017-10-27, block http zk people firm greed bitcoin gregory,0
267,2017-10-28, block zillion transaction think happy happen gregory_maxwell_believes_that_decentralized bitcoin,0
268,2017-10-29, zoom follow http core 1mb fast fluctuation bitcoin,1
269,2017-10-30, http core fork_ fork false fancy yet_ bitcoin,0
270,2017-10-31, http governance satoshi zimmermann think forum forward bitcoin,1
271,2017-11-01, loyalist http lockstep journalist think like comply bitcoin,1
272,2017-11-02, luke people use just machine bitcoin overregulated input,1
273,2017-11-03, gy guarantee guess use bch bitcoin btc əˈnaləjē,1
274,2017-11-04, lasting 10 transaction collect use just law bitcoin,1
275,2017-11-05, block growth group zero ground people just bitcoin,1
276,2017-11-06, block head install transaction fork headed zero bitcoin,0
277,2017-11-07, gitmo hero say hello node zooko just bitcoin,1
278,2017-11-08, bch only_75_of_mined_blocks_today_support_segwit2x quantify op cryptos just cash bitcoin,1
279,2017-11-09, hards hashpower bch just hereabouts bitcoin btc ﾟヮﾟ,0
280,2017-11-10, governance zeroconf guide governement bch cash bitcoin btc,0
281,2017-11-11, gym ór cash gut bch bitcoin gospel btc,0
282,2017-11-12, http gunpoint gregonomics gut zip bch bitcoin btc,0
283,2017-11-13, fee gamble gag 这正常吗 bch game_over_blockstream_mathematical_proof_that_the bitcoin btc,1
284,2017-11-14, genesis http bch gateways gents infinite bitcoin btc,1
285,2017-11-15, bch http datapoints 00001 daytona bitcoin btc opera,1
286,2017-11-16, greater people bch green grade bitcoin btc ﾟヮﾟ,1
287,2017-11-17, bch just hapening haphazardly hahahahahahahaa bitcoin btc ﾟヮﾟ,0
288,2017-11-18, harness hashtag harm bch just bitcoin btc ﾟヮﾟ,1
289,2017-11-19, रत groscurth people use gravitate grit bitcoin just,1
290,2017-11-20, function german ノ彡 functioning people use bitcoin btc,1
291,2017-11-21, http os0x cash loosely lunacy luxushub bitcoin btc,0
292,2017-11-22, http gnash post glass_cliff git bitcoin btc ಠ_ಠ,1
293,2017-11-23, fee zwar transaction gotcha gpus government bitcoin btc,0
294,2017-11-24, zzx6859mjti http groans people grocery just bitcoin outnumber,1
295,2017-11-25, compromise core mastercard cash bitcoin btc confuse ﾟヮﾟ,1
296,2017-11-26, zimbabwe core graduate gon bch gore bitcoin btc,1
297,2017-11-27, 00 people just netflix cash bitcoin delude deform,1
298,2017-11-28, block hardware cash havea just bitcoin hay ﾟヮﾟ,1
299,2017-11-29, block gif gentleman individually btc gigabit bitcoin just,0
300,2017-11-30, block introduced hire transaction node grant bitcoin graphene,1
301,2017-12-01, abandon outright ownership bch bitcoin btc currency outline,1
302,2017-12-02, greed blockstream core greedity like fundamental bitcoin youtube,1
303,2017-12-03, handler use happy like handful zero bitcoin btc,1
304,2017-12-04, ip people infringe like btc merely bitcoin ious,1
305,2017-12-05, goodness http google yo bch grade bitcoin btc,1
306,2017-12-06, fee gox gram transaction goldhtml bitcoin btc zuckerberg,1
307,2017-12-07, grower transaction habit use guys bitcoin btc ﾟヮﾟ,1
308,2017-12-08, fee_per_kb_usd frankenstein usdt franklin tether bitcoin btc ﾟヮﾟ,0
309,2017-12-09, nano nasty insight tether exchange disappears bitcoin btc,0
310,2017-12-10, http havrme earth hot journal heart bitcoin btc,1
311,2017-12-11, 000 fee nerds nero use damn bitcoin btc,1
312,2017-12-12, address ha transaction intrested god goalpost bitcoin btc,1
313,2017-12-13, geekiest zombie people make gdax just fuzzy bitcoin,0
314,2017-12-14, gvnbzqzpng handy ln harassment use bitcoin btc ﾟヮﾟ,1
315,2017-12-15, http graphs transaction cash hacker gpu bitcoin ﾟヮﾟ,1
316,2017-12-16, bcash http focus fly bch zero bitcoin forgive,1
317,2017-12-17, knot transaction correction bch neat nintendo bitcoin btc,0
318,2017-12-18, missouri incomplete btc bch missing cash bitcoin contrary,0
319,2017-12-19, zoom http glare giphygif just gild bitcoin btc,0
320,2017-12-20, grandchild glitched http bch grand bitcoin btc ﾟヮﾟ,0
321,2017-12-21, block über funding bch friends furniture bitcoin just,0
322,2017-12-22, http 000 nowadays bch noticed cryptospace bitcoin btc,0
323,2017-12-23, http fungible funding ftrlnk bch bitcoin btc ﾟヮﾟ,1
324,2017-12-24, forth http fpyfra39amk founder use inefficiency cash bitcoin,0
325,2017-12-25, http inception cash gate tippr bitcoin galapagostortise gawk,1
326,2017-12-26, http buterin interbank manipulative bch mammoth bitcoin btc,1
327,2017-12-27, genesis http πυραμίς gemini btc bch bitcoin generalization,0
328,2017-12-28, http harass internal people hack bitcoin btc happens,0
329,2017-12-29, http mrmichaelgscott coherent use namespace cash bitcoin ego,0
330,2017-12-30, http development_of_duke_nukem_forever odd zzzz ripple xrp developmentmy bitcoin,0
331,2017-12-31, http gtb7siwe0mhzjpg issuance guise hatred bch bitcoin btc,1
332,2018-01-01, fuckin zoom frankly block ln fraction transaction bitcoin,0
333,2018-01-02, zoin transaction half just grand bitcoin btc gov,1
334,2018-01-03, block gon glad fredie zero cash bitcoin bank,1
335,2018-01-04, ткин graf people like gf just bitcoin gg,1
336,2018-01-05, http outcome originally custodian ripple xrp bitcoin zuckerberg,1
337,2018-01-06, grower ledger growth òn intelligent wallet just bitcoin,1
338,2018-01-07, generated http giggle gig people tippr bitcoin ﾟヮﾟ,0
339,2018-01-08, http offend officially offer l18 use tippr bitcoin,0
340,2018-01-09, jerseyjayfro http language cash tippr msm bitcoin jellyhojo,0
341,2018-01-10, cash hahaha bch grip bitcoin hahahah btc ﾟヮﾟ,1
342,2018-01-11, grab http zzkei transaction ground use bitcoin gov,0
343,2018-01-12, korean_govt_is_not_banning_exchanges_sources nose dare use people note bitcoin btc,1
344,2018-01-13, im http holy immense bch bitcoin btc action,1
345,2018-01-14, http mucus meaningfully use meansurements bch bitcoin mempool,0
346,2018-01-15, http 00 indirectly irrelevance authority irrefutable bitcoin crypto,0
347,2018-01-16, http legal bloodbath bitoin incomptance people just bitcoin,0
348,2018-01-17, http grandpa hack people just bitcoin grandma ﾟヮﾟ,0
349,2018-01-18, handy http zxvp gateway gambling bch cash bitcoin,1
350,2018-01-19, http growth ha guys bch cash bitcoin ﾟヮﾟ,1
351,2018-01-20, gear http githubcom kick gateway bch bitcoin btc,1
352,2018-01-21, http bch gene woocommerce generic zj1qjgdjpg happily bitcoin,0
353,2018-01-22, zoom http havoc guard people grosero cash bitcoin,0
354,2018-01-23, judge deal like death bch cash bitcoin newsbitcoincom,1
355,2018-01-24, zoe goodbot hell use like good_news_stripe_is_a_credit_card_bitcoin_payment payment bitcoin,1
356,2018-01-25, opportunity omg onward closure right money government bank,0
357,2018-01-26, bitcoin cash zone just global globeecom fully bank,0
358,2018-01-27, foremost btc fully zero cash bitcoin just fortunecom,1
359,2018-01-28, bch intend make irony zclassic isn bitcoin btc,1
360,2018-01-29, bitcoin interesting fork hit gui cash segwit gun,0
361,2018-01-30, creator http curio jpm fork people creature bitcoin,0
362,2018-01-31, huge zloty people tether free bch bitcoin freedom,1
363,2018-02-01, http cash hand half bch global later bitcoin,0
364,2018-02-02, ethereum http frankly fraud like bitcoin forgive ﾟヮﾟ,0
365,2018-02-03, zoom guest guide gregs like coin bitcoin wallet,1
366,2018-02-04, http fee intervention joke accurate geographically bitcoin wallet,0
367,2018-02-05, http people generic generally government zero gifsthatendtoosoon btc,0
368,2018-02-06, http bch zqzcvimgifv blackwaterbayhero phone law knowledge bitcoin,1
369,2018-02-07, notably noted maker people earn bch bitcoin btc,0
370,2018-02-08, german people ghay zero doxed cash bitcoin just,1
371,2018-02-09, haha fee habit hahahahahaha paper miner joke bitcoin,1
372,2018-02-10, goign fee bank service indoctrination zero bitcoin gov,0
373,2018-02-11, zoom functionally funds use like generally bitcoin btc,0
374,2018-02-12, genesis github zcl think bch just green bitcoin,1
375,2018-02-13, gj githubcom gotcha bch zero cash bitcoin btc,0
376,2018-02-14, flat zealous http focus bch bitcoin flood btc,1
377,2018-02-15, frame foundation κέντρον like fully bch bitcoin btc,1
378,2018-02-16, http doubt heavy heat use κέντρον make bitcoin,1
379,2018-02-17, zen floweeorg finish good like just bitcoin force,1
380,2018-02-18, ln hike channel happen money help bitcoin yup,0
381,2018-02-19, ln hm transaction highlight use zomg hmm channel,1
382,2018-02-20, govt zero geographical use node just gerald bitcoin,1
383,2018-02-21, block crypto bubble journey isnt bitcoin mistake itemid,0
384,2018-02-22, complexity fee online 00001 bch oops bitcoin btc,0
385,2018-02-23, matter mass man say issue like bitcoin btc,1
386,2018-02-24, bud transaction november 2017 kid output bitcoin network,0
387,2018-02-25, financial fuckwad fine transaction change output legitimately bitcoin,0
388,2018-02-26, bcash http forever fortunately transaction forget zero bitcoin,1
389,2018-02-27, http fine censorship people jerk gain fix bitcoin,1
390,2018-02-28, mod ug8nh67_efet body raise video youtube,0
391,2018-03-01, fuckin http hodling card jaw use bch hope,1
392,2018-03-02, http jaxx grasp glad use cash bitcoin greece,1
393,2018-03-03, figure follow http zéro use fly bch bitcoin,1
394,2018-03-04, fun frustrating beer 4th bch 00007892 bitcoin btc,1
395,2018-03-05, gold year gon pay tax zero gain gig,0
396,2018-03-06, limit http lukejr 000 claim bch bitcoin btc,0
397,2018-03-07, frictionless twitter fraud zongk bch five_stages_of_cobrabitcoins_grief_over bitcoin btc,0
398,2018-03-08, methinks http bitcoin contact killee video mental youtube,0
399,2018-03-09, http connection intention mentality post ban confusing bitcoin,0
400,2018-03-10, project confront say miner zrzmhu_4m conning roger bitcoin,0
401,2018-03-11, gute änderung pay tax harm bch wallet happens,1
402,2018-03-12, http group guess furious use zcash bch bitcoin,0
403,2018-03-13, explans general http gate bch bitcoin btc ﾟヮﾟ,1
404,2018-03-14, http fantastic zcash fallout harsh tippr bitcoin btc,0
405,2018-03-15, http groupthink zoo hang gotten money just bitcoin,1
406,2018-03-16, http organization contribution good glass far candidate zit,1
407,2018-03-17, http hand like han just übertrieben gild bitcoin,0
408,2018-03-18, zero finger order flash exchange just gox bitcoin,1
409,2018-03-19, dead zcl 025 lolz just likely bounce btc,1
410,2018-03-20, http clean litecoin bch cash bitcoin classic yup,1
411,2018-03-21, zillion hdizzle7 havent people just bitcoin btc himmler,0
412,2018-03-22, http grasp gb graham people kittens_from_space like just,0
413,2018-03-23, zeronet http hella reddit hell like hi just,1
414,2018-03-24, wwwchaintiporg meant drunk wow body copy dwt hard,0
415,2018-03-25, 00 distribute reddit post discussion ll comment negative,0
416,2018-03-26, block ln gon glad zero bitcoin btc gettin,0
417,2018-03-27, ln honest horizontal hi zero channel bitcoin btc,0
418,2018-03-28, ln lab exaggeration money payment global generalize bitcoin,1
419,2018-03-29, ln wo everybody lrn2read excuse think make network,0
420,2018-03-30, interested android fan use phone bitcoin zenfone2 expert,0
421,2018-03-31, linux zuma guy half handle just phone android,1
422,2018-04-01, naive aproach people mb like bch mcgee bitcoin,0
423,2018-04-02, bcash healthy yes functioning people fuck cash bitcoin,1
424,2018-04-03, focus work signature like scam fix bitcoin magical,1
425,2018-04-04, gear fucken mtgox zkqqpoxn5osxg1shbvkuw3fxzzsufbrb6euxl5frfyf16yxn5 fry people make bitcoin,0
426,2018-04-05, healthy hateful people think like heart bitcoin ಠ_ಠ,0
427,2018-04-06, gandalf game flourish people make just bitcoin youtube,0
428,2018-04-07, http cognitive great implicitly ὀλιγαρχία creditor global dissonance,1
429,2018-04-08, mess twitter zombie meaningful merge channel bitcoin lightning,1
430,2018-04-09, detractor noobs say twitter destroy just bitcoin 04,0
431,2018-04-10, bch offshoot gpus grant just bitcoin btc youtube,1
432,2018-04-11, core goodbot gon zero cash bitcoin community fucking,1
433,2018-04-12, fee charge long 100000000 let cite regulation fuck,1
434,2018-04-13, haha kind redditor account body happen foment bitcoin,0
435,2018-04-14, need ill intuitive yes body hey just wallet,1
436,2018-04-15, heavy user guide wallet use zero bitcoin heads,1
437,2018-04-16, license 10 loss couple government just bitcoin bank,0
438,2018-04-17, historically people historical bch zero bitcoin just hash,0
439,2018-04-18, http favorite free government zero grand bitcoin btc,1
440,2018-04-19, frankly fee gardens say zombie thing frankensteinish bitcoin,1
441,2018-04-20, block milioner mention fee transaction confusing bitcoin kiddy,1
442,2018-04-21, block yesterday claim elaborate body exact bitcoin hobbyist,1
443,2018-04-22, incompetent competent way say useful implementation bitcoin developer,0
444,2018-04-23, wish wwwcoinpointnet list body stuff cryptocurrency help merchs,1
445,2018-04-24, znlnlxbjpg block matter craig fork node meritorious bitcoin,1
446,2018-04-25, block forking jesus transaction fork generally bitcoin gistgithubcom,0
447,2018-04-26, http lift official lately bch scam later coindesk,1
448,2018-04-27, arguably incommensurable chain infrastructure bch bitcoin btc inconsistent,0
449,2018-04-28, zoom generous fork future fyi dollar bch bitcoin,1
450,2018-04-29, http btc generally bch gain genuine bitcoin zz,1
451,2018-04-30, justify damn people like metal militia fiat bitcoin,0
452,2018-05-01, chase 000 likea pay use people jail bitcoin,0
453,2018-05-02, hosted end wrong legitimacy body hi bch btc,1
454,2018-05-03, intentionally freak people fish like bch bitcoin friend,1
455,2018-05-04, follow friendly frustrating people bch just bitcoin youtube,0
456,2018-05-05, forking zealot fund bch just cash bitcoin ftw,1
457,2018-05-06, hear heavy helpful 수수료 bch just cash bitcoin,0
458,2018-05-07, follow fallacious zombie fashion bch bitcoin chain btc,0
459,2018-05-08, http minority congest misguide make zero bitcoin btc,0
460,2018-05-09, zirp guarantee people hell money heart bitcoin bank,1
461,2018-05-10, instead fee extremely factor money global bitcoin bank,0
462,2018-05-11, insure saving institutional pay use honestly 08 bank,0
463,2018-05-12, fest people free zero firstly bitcoin btc bank,1
464,2018-05-13, twice fee consent trash body generally just,1
465,2018-05-14, insurance happen zcash bch fatfingerhelperbot bitcoin btc favor,0
466,2018-05-15, http follow hair like happen bch bitcoin 000017522,0
467,2018-05-16, expenses saving guy money market heart bitcoin label,0
468,2018-05-18, ne bitcoin bitch isn ironically live read comment,1
469,2018-05-19, honest high history think like just bitcoin zzabrxzjpg,1
470,2018-05-20, body op,1
471,2018-05-21, say rude wife want,0
472,2018-05-22, mcdonalds people club close money just 0003 fund,0
473,2018-05-23, zimbabwean people graph wealth money fund funny gain,0
474,2018-05-24, need hyper group worldwide hugely market btc crypto,1
475,2018-05-25, muh hand yes people hell bch just bitcoin,0
476,2018-05-26, blockchain hold like zero bitcoin hear just holding,0
477,2018-05-27, gesture yippeee generous txid bitcoincash bch thanks giveaway,1
478,2018-05-28, thank bitcoincash yes hmmm holiday bch thanks meme,0
479,2018-05-29, understand great large difficult good use usually cloud,1
480,2018-05-30, zimbabwe harmful people graph use make harm crypto,0
481,2018-05-31, year market like extreme zero help bitcoin favor,1
482,2018-06-01, hardly airbnb hear like ldn host night hash,1
483,2018-06-02, friendly start yes gotcha use make free just,1
484,2018-06-03, ひゃくひゃくひゃくえん govt core group gon fork cash bitcoin,1
485,2018-06-04, fear thing think exchange コンビニ doesnt bitcoin favour,0
486,2018-06-05, 100 don yay body happen just bitcoin know,1
487,2018-06-06, moodyrocket status month check wait police,1
488,2018-06-08, wwwyoutubecom watchv http hominem mqkxsvllfak refute non,0
489,2018-06-09, justify 000 http blockstream capture bitcoin btc cases,0
490,2018-06-10, http blockstream define yes emergency enthusiastic just bitcoin,0
491,2018-06-11, blockstream horrible hominems link node greg just bitcoin,1
492,2018-06-12, earlier internet body eth make want isnt hope,0
493,2018-06-13, mod http credit kill node non bitcoin btc,0
494,2018-06-14, mod sub highly people hit zero bitcoin hijacking,1
495,2018-06-15, mod gross account zombie god just gmail bitcoin,0
496,2018-06-16, wwwyoutubecom watchv tell body reg,1
497,2018-06-18, sub grand office subreddit kindness post greed bitcoin,1
498,2018-06-19, gon censorship post hashrate harmless zero bitcoin just,1
499,2018-06-20, fuel mod sub ignore lie honestly bitcoin post,1
500,2018-06-21, 00 message nefarious monero censorship necessarily post nearly,0
501,2018-06-22, forth group marketing monero member good post community,0
502,2018-06-24, body wow,0
503,2018-06-25, ban body check bannedfromcrypto,1
504,2018-06-28, http insult e1eyv1zst defend body zzuixmr cash bitcoin,0
505,2018-06-29, ethereum http easy way filecoinio delete deserve just,1
506,2018-06-30, world exclusive fine cash fork fiat bitcoin amaze,1
507,2018-07-02, chance people yeah think like bitcoin karma clearly,1
508,2018-07-03, nope yes people friday make like funny video,0
509,2018-07-04, http huh difficulty epic dig tippr cash bitcoin,1
510,2018-07-05, http bitcoin feedback cash interval tippr fix hear,0
511,2018-07-06, youre_probably_looking_for_rbitcoincash_click feedback expose felt bch cash bitcoin btc,1
512,2018-07-07, year sticker fan end em bch bitcoin btc,1
513,2018-07-08, supporter core body scared bank,0
514,2018-07-09, sticker upset good body hahaha,0
515,2018-07-10, adoption sticker body rip help,0
516,2018-07-11, sub wrong mind make scam,1
517,2018-07-12, just sticker idiot instead,0
518,2018-07-13, instead sub wouldn reddit body bitcoincom cash bitcoin,0
519,2018-07-14, learnbitcoincash 00 butter butt people make zero bitcoin,1
520,2018-07-15, know hat easily ross people headed drug yup,1
521,2018-07-16, convince 00 easy creation country people zec make,1
522,2018-07-17, website yes appropriate body log guilty agent,1
523,2018-07-18, blow year convince double bit look government,1
524,2018-07-19, dude http imguralbumbot ynls73qpng message ross drastically hear,1
525,2018-07-20, http zyt0wbdjj4e use grossly tippr hacker bitcoin hope,0
526,2018-07-21, nice hamburger youtubing look use happy bitcoin friend,1
527,2018-07-22, dude http ve chaintip make node bch know,0
528,2018-07-23, website illicit yes murder important life sentence grotesque,1
529,2018-07-24, millennial laptop people make drug controlled illegal misinformation,1
530,2018-07-25, target veil nab use body make want parallel,0
531,2018-07-26, trafficking prohibition level internet lesson zero drug just,0
532,2018-07-28, thank saw yes body sorry stop work just,1
533,2018-07-29, sending wwwsaiditnet transaction use body money,0
534,2018-07-30, blow understand entire fee yes kill just fuck,0
535,2018-08-05, detect chuckle console hmm yes zero fiat developer,1
536,2018-08-06, sub marketing ve think quality,0
537,2018-08-17, block number knows bitcoinorg keywords lnd miner bitcoin,1
538,2018-08-18, core gon fault goddamn cash bitcoin btc yup,0
539,2018-08-19, future idea great happen,1
540,2018-08-21, tx isstandard old activation body just manually segwit,1
541,2018-08-22, wrong body upgrade bch just bitcoin btc,0
542,2018-08-27, http aunt reddit wwwredditcom ball nocontext totesmessenger thread,1
543,2018-08-29, vacation propaganda fast fork attempt cash altcoins bitcoin,0
544,2018-09-06, attack guess yes guide troll humanitarian bch bitcoin,0
545,2018-09-07, afaik http meet member defend bch bitcoin post,0
546,2018-09-08, clear btrash just channel bitcoin send currency yup,0
547,2018-09-09, honesty king heard long think bch bitcoin hear,1
548,2018-09-10, im little human 10 price like market consider,1
549,2018-09-11, need value king keynes establish,0
550,2018-09-12, alternate rbtc sub unfortunately way rbitcoin bitcoin,1
551,2018-09-19, matter charge ross control government zero likely evidence,1
552,2018-09-20, ross people like facebook drug flip yup fair,1
553,2018-09-21, yr muder victimless fetish addict free like crime,1
554,2018-09-22, worry don violence guy door dollar just drug,0
555,2018-09-23, http jesus check jest scam isnt bitcoin btc,0
556,2018-09-24, fuckin spend people like definitely just youtube fucking,0
557,2018-09-25, judge body yeah make like corrupt inb4 huge,0
558,2018-09-26, year people free death hit just drug innocent,1
559,2018-09-27, http jamcowl post laugh moderated 151 just absolutely bitcoin laptop center,1
560,2018-09-28, year lol number doubt censorship fact discussion bitcoin,0
561,2018-09-29, richard pro proof work bitcoin,0
562,2018-09-30, continue year blockchain failure transaction gaslighting fool force,1
563,2018-10-07, body,1
564,2018-10-08, really body imagine ugly,1
565,2018-10-12, general zinger blockstream garage gateway just bitcoin btc,1
566,2018-10-13, gold confirm zi congestion lie exchange bitcoin crypto,1
567,2018-10-14, base way access life work actually bitcoin layer,1
568,2018-10-17, rant win transaction visible yes good make market,0
569,2018-10-18, fee grandpa yes people gate atm bank grow,0
570,2018-10-19, hostility mean young ignorant holy right just property,0
571,2018-10-21, people worry reason isn,1
572,2018-10-22, block fee valid user transaction bitcoin include,0
573,2018-10-26, year climate helperbot helperbot_ people zone co2 guaranteed,0
574,2018-10-27, english word expression drop edit quickly frequently meme,1
575,2018-10-28, coffee fee plus cup body 1000,1
576,2018-10-29, understand mean reply temperature body think,0
577,2018-10-30, head germany gift tax zonzwjgkm8s ron paul crypto,0
578,2018-10-31, capital wwf interference hack people gain investor crypto,1
579,2018-11-03, body aim vote youth,0
580,2018-11-04, 895 sentiment 00 bot 596 688 comment post,1
581,2018-11-06, info sound architecture amazing liquid hour just wow,1
582,2018-11-12, http wwwredditcom subreddit censorship comments how_does_this_stuff_not_infuriate_you_people_mass vote happen,0
583,2018-11-14, year try say believe deleted dont crime innocent,0
584,2018-11-15, francisco ross people form forward drug jurisdiction bitcoin,0
585,2018-11-16, thankfully yes transgression watch aberration,0
586,2018-11-17, yes effect people eat government road drug dangerous,0
587,2018-11-18, satoshi ha craig believe want beautiful actually ah,1
588,2018-11-19, majority satoshi improtant 10k abc bitcoin luck know,0
589,2018-11-20, line bad greatness good guy censorship government hard,0
590,2018-11-21, base bad available wrong good guy people label,1
591,2018-11-22, sell zuckerburg greatness people graphic generally bch bitcoin,0
592,2018-11-23, sell charlie people make happy funding funny zero,1
593,2018-11-29, need mean price explain wwii like bitcoin expert,1
594,2018-11-30, year electronic highly version people diplomatic bitcoin btc,0
595,2018-12-01, net play dump invest ll bch just worth,1
596,2018-12-04, body suppose success case,1
597,2018-12-06, microsoft right rightsmh isn know,0
598,2018-12-07, epic way body,0
599,2018-12-08, sell relate litecoin analogy try product microsoft body,1
600,2018-12-09, litecoin try really body decentralize,1
601,2018-12-14, http follow kind say 0024 horse ltc bagholder,0
602,2018-12-15, bch follow hilarious yes highlight ltc just fud,0
603,2018-12-16, ln buy mean lol x200b use bch ltc,1
604,2018-12-17, sheep think scammer yes,1
605,2018-12-19, neat logik btc prediction,1
606,2018-12-20, stupid swear shit reply,1
607,2018-12-21, delete person body right lucky,0
608,2018-12-28, crypto gods yoda form like bitcoin force bank,1
609,2018-12-29, deposit equal entry reserve loan fund work bank,0
610,2018-12-30, miss yen bank debt entirely make crypto etcthat,1
611,2018-12-31, threat think word potential,0
612,2019-01-02, nano guidance use xrp galaxy zero market grow,1
613,2019-01-03, literally say subspecies 01 camouflage comment lobby shill,0
614,2019-01-04, ethereum man hardfork laugh xrp yahoo help bitcoin,1
615,2019-01-06, just check xrp yea,1
616,2019-01-10, work transaction youtube upgrade,0
617,2019-01-11, haha speak body soon oops,1
618,2019-01-16, eventually exist vote happen comment bitcoin yep post,1
619,2019-01-17, nice year tx ill hungry money mempool yup,1
620,2019-01-18, great way advice spend wait money bitcoin artificial,0
621,2019-02-23, glad gambler 2017 people body real just btc,1
622,2019-02-24, possible maybe genius x200b data cryptocurrency just post,0
623,2019-02-26, sad rep true sale,0
624,2019-02-27, value bit knock door body time,1
625,2019-02-28, page wonder sure way account necessarily large post,0
626,2019-03-16, malcolm hal body left middle,1
627,2019-05-18, fast yes internet far like fall bitcoin scale,0
628,2019-05-19, need infighting kind cable knew yes make bitcoin,1
629,2019-05-20, opinion explain yes decide web lie moderation bitcoin,0
630,2019-05-21, im need line big yeah money work surplus,0
631,2019-05-22, nice bank body like work fuck self,0
632,2019-05-23, project reason say talk like stop,1
633,2019-05-27, stereo tune volume tuner,1
634,2019-06-02, wwwchaintiporg http address 003 chaintip hodler bitcoin layer,1
635,2019-06-03, yups http result floss google search forget ftw,0
636,2019-06-04, forever google bgp chrome zionist use generic global,0
637,2019-06-05, steer way point good,1
638,2019-06-06, body source,1
639,2019-06-07, engine use javascript result,1
640,2019-06-08, blockchain yes future body wwwopennitycom btw,0
641,2019-06-21, lizard fortunately zucks people use fly paypal libra,1
642,2019-06-22, human people zuckers like fulfil facebook just fucking,1
643,2019-06-24, generate big heat ton saw x200b flow libra,1
644,2019-06-27, jesus literally say end bible endure,0
645,2019-06-28, gold governance use think like just help youtube,1
646,2019-06-29, buy userbase yes jail exchange just leak bitcoin,0
647,2019-06-30, thx body recommend,0
648,2019-07-03, body dm interested cryptoinvestingnet,1
649,2019-07-06, haha http giftcards shirt reddit lmao low post,1
650,2019-07-07, http satoshi zaqcb7pgif finding determine funny evidence post,1
651,2019-07-08, tell send wear slapper,1
652,2019-07-09, ask buy limited https shirts banker x200b mens,1
653,2019-07-11, mocking history herd person,0
654,2019-07-15, miserable gradual people change think youthful government trump,1
655,2019-07-16, pain paycheck time strange worker,0
656,2019-07-18, hegemony young people hide government just state hodlcoin,1
657,2019-07-19, govts mining win history away make 51 state,0
658,2019-07-20, volume platform agricultural body loan investment true,1
659,2019-07-23, txt body market libra hope,0
660,2019-08-04, subsidize attack subsidy miner able body government 51,1
661,2019-08-06, body talk remember worth mention,0
662,2019-08-12, contributing informational loathe control bch just bitcoin btc,0
663,2019-08-13, hate heard yes people half like bitcoin btc,0
664,2019-08-18, shut thing troll yes,1
665,2019-08-22, ya fix troll body,0
666,2019-08-29, apple year return learn high wright long major,0
667,2019-09-19, http 01051jpqfpwvwocmghuftn episode point stop view libra openspotifycom,1
