"woof, this leads only to a dog turd

if we do not exchange, it does have no value

spend and replace"
Buying bitcoin is what gives it value. If nobody buys it, then it is worthless, and the value being stored by your store-of-value is 0.
On another note I actually like the term Bcash. It roll off the tongue better than BitcoinCash. 
Turns out they only accept *bitcoin*, not BCH. They accept actual bitcoin, you guys know what I mean right, the coin with the highest market cap and largest number of users? Not the altcoin BCH that gets pumped and dumped every 3 months to keep hope alive. Did I lose anyone of you? Can you understand which coin yet? Are you going to send your BCH to your Purse account because they say accept bitcoin? lol
I suggest people in the US use bitcoin as intended , for regulatory arbitrage , using the principles of agorism. There is almost 0 chance the IRS can link private purchases with purse.io or elsewhere back to your identity.
If you use LIFO accounting and replace *before* spending, it can make sense and not cause tax liability issues. Although youâ€™re still gonna end up having to track small purchases which is onerous. 
Ah... now I get it
If no one sells no one can buy idiot.
Username is very accurate. Try less please
Redditor /u/Spartacus_Nakamoto has low karma in this subreddit.
https://s17.postimg.cc/ewylnvdyn/IMG_20180417_225327.jpg
BCH is Bitcoin. Coins infested with lightning network are not Bitcoin. They do not align with Satoshi's vision. How amusing you are. What it must be like to have the mind of a child.
"Yep they are adding Bitcoin any day now, they just made the announcement :)

But your a dummy right, being a jerk just to be a jerk?"
"What a helpful comment! I now know the difference between BTC and BCH.... said no one ever.

See? You could be spending your time teaching people instead of wasting it here."
You tribalists are so funny. 
You have no idea what pump and dump means and nobody, literally nobody asked for this cancer of an explanation about bch, please get the fuck off this sub :)
"Welcome to the USA, land of the free*

*some restrictions may apply. Terms and conditions may change at any time with or without your consent. "
[deleted]
Woo! (/) (Â°,,Â°) (/)
"**Agorism**

Agorism is a libertarian social philosophy that advocates creating a society in which all relations between people are voluntary exchanges by means of counter-economics, thus engaging with aspects of peaceful revolution. It was first proposed by libertarian philosopher Samuel Edward Konkin III at two conferences, CounterCon I in October 1974 and CounterCon II in May 1975, both conferences organized by J. Neil Schulman.

***

^[ [^PM](https://www.reddit.com/message/compose?to=kittens_from_space) ^| [^Exclude ^me](https://reddit.com/message/compose?to=WikiTextBot&message=Excludeme&subject=Excludeme) ^| [^Exclude ^from ^subreddit](https://np.reddit.com/r/btc/about/banned) ^| [^FAQ ^/ ^Information](https://np.reddit.com/r/WikiTextBot/wiki/index) ^| [^Source](https://github.com/kittenswolf/WikiTextBot)   ^]
^Downvote ^to ^remove ^| ^v0.28"
Context pls? I donâ€™t see the relevance. 
"""Don't call it Bitcoin ðŸ˜­ðŸ˜¢"""
You have a fairly benign definition of cultists then. I'm simply stating facts. Satoshi envisioned a decentralized network. Lightning nodes are the definition of centralized. It is what it is.
"Thank you, slothprophet, for voting on trolldetectr.  

This bot wants to find the best and worst bots on Reddit. [You can view results here](https://goodbot-badbot.herokuapp.com/).  

 ***  

^^Even ^^if ^^I ^^don't ^^reply ^^to ^^your ^^comment, ^^I'm ^^still ^^listening ^^for ^^votes. ^^Check ^^the ^^webpage ^^to ^^see ^^if ^^your ^^vote ^^registered!"
â€Please accept my bitcoin, but even if yu  do, Iâ€™m not going to spend it.â€
"Everyone here is getting downvoted...

**DOWNVOTE CHAIN!!**"
"I just realized how much I like seeing ""bch, please."""
Youâ€™re delusional if you think they donâ€™t already accept bitcoin. This movement is full of morons. You are in great company on this sub. Be careful in the real world. 
You sounds like a cultist.
I respect the boldness.
Badbot
Good bot
https://en.wikipedia.org/wiki/Agorism
"Unfortunately in the U.S. the capital gains reality makes the ""spend and replace"" a very foolish thing to do. (Unless you bought high and are spending low, but I do not understand if wash sale rules apply to prevent that too.)"
"I don't live in the US , Bitcoin is a global currency and people should be free to use it how they please
"
"That was definitely true at first. But there was a bit of silliness in the crazy >16,000 phase where people were saying ""who cares about $30 transaction fees, just hodl!"" Luckily the fees are back down so this isn't so much of a thing anymore."
Spending bitcoin is what gives it value. If nobody spends it, then it is worthless, and the value being stored by your store-of-value is 0.
It contrasted daytrading in a trading (speculative investing) setting. While it's good to hodl inbetween and when you don't intend to spendl, you still can't hodl and spendl the same coins at the same time.
Wtf?
But someone has to spend it!
"False Dichotomy narrative .

Most Bitcoin users want Bitcoin to be both digital p2p cash and digital gold.

I have always advocating using btc as p2pcash as much as possible while reinvesting to not lose any savings "
How about just sell for more money than what I bought it for?
"""Hodl"" never contrasted spending, it contrasted (day)trading.

https://bitcointalk.org/index.php?topic=375643.0"
Meh, I spend it whenever possible over fiat, and just buy more if I end up with a fiat balance.
That is one good doge rite dere
"here's the original

http://jpegy.com/images/uploads/2015/07/Not-take-only-throw.jpg"
Original comic by @cupcakelogic . Please credit the artist rather than removing their watermark.
Great â€œcurrencyâ€ youâ€™ve got there!
"Itâ€™s time the cryptosphere had serious discussions about how to increase adoption by merchants. 

Speculative investment is fun and all but itâ€™d be nice if some of the speculators attempted to make the reason theyâ€™re investing a reality. 
"
This is the cutest way too look at it. Every trader relates to this lol
"https://medium.com/cryptolinks/the-truth-about-r-bitcoin-and-r-btc-69c4f78b27d0

https://gist.github.com/chris-belcher/c9f4b90bec1b2fbf8caaab178719ac24"
What's the original
This is great
ðŸ¤—ðŸ¤—ðŸ¤—
agree
"So much for the ""cash"" part then "
Better invest into own ICO based on Waves, Ethereum or MyWish [projects](https://crowdsale.mywish.io/index.html?utm_source=com&utm_medium=redditS&utm_campaign=tc&utm_content=S2504btcpast), earning twice more and living like a fatcat 8)
Wow! Thanks for this! I'll use this from now on!
Youâ€™re a god. Once they adopt BCH, I will be buying and spending bitcoin on the daily. Already shop at amazon every day. c: 
"Spend and replace!?!?!

That sounds like some Bcash talk. 

/s "
*hold
Teach me master
It was a joke
jesus christ you are stupid.
"So 100% segwit adoption would be 4x.  Lightning is a lot more x than 32 lol.  

Segwit's most important feature is actually disincentivizing covert asicboost which is a serious threat to the legitimacy of the Bitcoin Cash's blockchain.  

Not to mention Bitcoin Cash's dev team's incompetence in handling the EDA change was an epic fail.  They didn't have enough support to mine without artificially changing the difficulty.  There was enough support to revive their abandoned EDA chain.  

Some of the most prominent bitcoin core devs help out some of the other more interesting crypto projects in the space.  "
Satoshi
"Nope you're absolutely right.  Segwit the 4x potential change doesn't solve the problem at scale.  To solve the problem at scale you need terabyte blocks.  Tell me how you're going to get terabyte blocks to run over TOR, or satellite, or a ham radio mesh net?   Graphene?  Most of those suggested improvements are already in Bitcoin before the fork.  

In order for Graphene to be viable you'd need to restrict the blocks ordering.  Miners wouldn't be able to ignore transactions.  Kind of defeats the ""free market"" narrative that Bitcoin Cash supporters are spouting on and on about.  

Alt coins are good for better distribution of Bitcoin. "
Redditor /u/lizard450 has low karma in this subreddit.
">blockchain consensus rules

You are an idiot.  This is getting so pathetic."
"You are the troll.  No one even knows what you want to call it.  You are just attacking people for not reading your mind.

It says bitcoin cash right in the title, did you downvote that and yell at the poster?"
No it doesn't.  It came from the actual fork between core and cash and too many stupid people are misusing it.  Its not a fork if you are upgrading and no one is going to continue development on the older version.
"Can you explain what you mean by ""silently drop your transactions""? Because that has never happened and there were many soft forks already."
Bad bot
Redditor /u/CluEleSs_UK has low karma in this subreddit.
"> Segwit doesn't reject any old transactions. You've got this wrong, sorry.

Invalid segwit transactions are valid under old block rules. They are not valid under new block rules.

An upgrade was needed on miners or else they'd risk mining invalid segwit transactions, and have their block dropped by other miners that'd reject the invalid segwit transaction. A segwit-unaware (older) miner could mine transactions that other miners would consider invalid.

Therefore, a previously valid transaction (and block) have become invalid, which is exactly what you were saying doesn't happen. Except it does."
I will give you histories, but it's a brave disservice calling anything they say philosophy. 
"> Dude chyll got no reason to lie 

The only person lying here is you."
Wow. 
[deleted]
Ok thanks.
Good bot
Right, but this sub isn't called bitcoin, its called BTC. Which is why its backward and confusing to virtually all newbies. 
Lmao this is why i stay off reddit and prefer bitcointalk or stackexchange, such vitriol 
You don't know that. It might be quite quickly with the DAA. 
"Intentionally obtuse. Got it.

Sorry I wasted my time."
But do exchanges support only one of the forks? Are really all exchanges prepared for the fork?
"Yeah- you know, since this is the forum of ""free speech and tolerance"" and all that crap. "
Except we're not anywhere near the limit. Wait till we regularly get 1MB blocks, or even 500KB
You don't get it.  There is no fork in the blockchain.  People are going to upgrade to the newest version.  No one is splitting the old version off and continuing to run it.
"I still think 2^64 bytes is a reasonable limit.

Edit: Even 2^32 would handle Terabyte blocks."
"downvotes in r/btc? 

never fair fellow. never!"
"> Lmao this is why i stay off reddit and prefer bitcointalk or stackexchange, such vitriol 

Oh sorry, apparently I misread your previous comment (for my defense - it wasn't written in clear english).

I took you for some troll or kid.

PS.
You should totally work on your vocabulary. Your posts read like either paid core troll or 13-year old child."
"It seems that your comment contains 1 or more links that are hard to tap for mobile users. 
I will extend those so they're easier for our sausage fingers to click!


[Here is link number 1](https://www.mail-archive.com/cryptography@metzdowd.com/msg09964.html) - Previous text ""Yes""



----
^Please ^PM ^/u/eganwall ^with ^issues ^or ^feedback! ^| ^[Delete](https://reddit.com/message/compose/?to=FatFingerHelperBot&subject=delete&message=delete%20dxx9e4k)
"
"Ok I can see that you genuinely don't understand so  I'll give it one last go. A ""fork"" in the context of a blockchain is when there are two child blocks mined on top of the same parent block. That's it.

It can happen for lots of different reasons: two miners using the same consensus rules find a block at the same time; or one miner uses tightened consensus rules (a soft fork); or one miner uses loosened consensus rules (a hard fork).

Your description of a code repository fork is correct, but it is not the same thing as a blockchain fork. You can have a code fork without a blockchain fork, and likewise you can have a blockchain fork without a code fork. You can also have both a code fork and a blockchain fork, which is what happened (although not at the same time) with Bitcoin and Bitcoin Cash. "
"> This is getting so pathetic.

Well you're right about one thing."
"I'm sarcastically referring to their Libertarianism and it's ""virtue of greed"".  Hence all the down votes. "
[deleted]
I disagree there should always be a cap to prevent spam attacks by malicious actors imo, we dont want the chain to bloat too early imo
"https://youtu.be/6hsXVvjNGvA

For you."
"I can't tell if you're being intentionally obtuse, or if you genuinely don't understand that the word ""fork"" has a separate meaning for blockchains than it does for code repositories. I hope you figure it out. "
But nobody is going to buy your coins, or at least not for very much.
I get that you are embarassed, but you really need to stop claiming a fork is what you eat with when we are talking about repos.  It makes you look really dumb.
"If you reduced maximum size to 500MB, you'd indeed soft-fork, since the previously valid block of 501MB became invalid, but nothing previously invalid became valid (which would be a hard fork).

SegWit and the like have to necessarily reject certain old transactions, otherwise no upgrade would be needed at all, as it'd mean all past transactions remain valid and all future transactions remain valid, which would mean no upgrade needed (unless you wanted to use the new functionality).

Since an upgrade WAS needed, especially due to nodes performing sybil attacks, it means that something had to change in regards to transaction validity."
"Well it IS a hard fork in the technical sense, but since it's not contentious there will be no chain split and no risk to your coins.
"
"I don't think it will break it either.

I just think the attack surface will now be much larger, and I wouldn't be certain the same rigorous penetration testing has been carried out on it, as would have releases on Core. 

That is my opinion, so could easily be incorrect. "
"I checked again, and I'm still seeing the same figure.

From looking at https://cash.coin.dance/nodes, I think my node is probably not representative of the larger larger network. According to that site, ABC nodes are more popular that BUCash nodes, whereas my node sees the opposite - I'm connected to more BUCash nodes than ABC nodes. And, it looks like most BUCash nodes I'm connected to are upgraded to 1.3.0, whereas most ABC nodes I'm connected to are still on 0.16.2. So, perhaps the reason for our disparity is that for whatever reason BUCash node operators are more likely to upgrade, combined with the fact that I happen to connect to more BUCash nodes."
"> Ok while i respect your opinion and you explained throughly, have you ever heard of alts?

I don't care about alts. What do I need alts for ? I am here for the true Bitcoin, not alts.

> I been involved in Bitcoin since 2012 fyi

You are the only one who believes this."
"Ignore the trolls. Yes, they have a choice to upgrade or not. But if they don't upgrade, they will receive a worthless coin and lose a lot of money.
If this coin becomes valuable somehow, some miners will definitely migrate. For example, around 220 TH/s of hashpower are mining ""Bitcoin clashic"", the coin that formed when someone didn't accepted the november hard fork. It's much lower than BCH hashpower tho(5 EH/s or 5,000,000 TH/s)"
I'm sure you are just pretending to be retarded
[deleted]
512914
Graphs with averages don't show the story.  That spike in January was the weekend test I'm talking about.  See my edit for a link to an 8mb BCH block.
"So wrong.

Sorry, but fork is a specific term for consensus rules and has nothing to do with code repository forks, nor silverware.

Soft forks allow a subset of previously valid blocks. All blocks considered valid by the soft fork are also valid pre-soft fork.

Hard forks allow a superset of previously valid blocks. Blocks considered valid by the hard fork may not be valid pre-hard fork.

Educate yourself."
Ok while i respect your opinion and you explained throughly, have you ever heard of alts? I been involved in Bitcoin since 2012 fyi
"I think I understand the situation rather well.  But I wouldn't say I'm ""worried"" that this *upgrade* ^TM will break bcash, more that I'm looking forward to it."
Doubled down! Dude stop before you make yourself look any sillier. 
There's only one bitcoin sub that bans people for that. /r/btc isn't a special kid
"You're almost right. But a soft fork is usually more to do with blocks than transactions.

E. G. If my mining mode reduced maximum size of blocks to 500MB, that would be a soft fork. All previous transactions are still valid, nothing gets dropped. And if more than 51% of the network starts using my new rule, then all nodes would follow this chain (because soft forks are still valid under the old rules too).

Properly planned soft forks (like Segwit) do not need to reject any old transactions. "
"Dear god.  A fork is when you copy a repo branch into a new repo.

There is no other term for it.  You are being stupid.  It is exactly what happened when bitcoin forked.

A major version change is usually when you do for a non-passive change.  I don't get what your deal is, its ok, you didn't understand what a fork was.  Now you do.  So you can be right going forward if you want to be."
lol â€œclashicâ€ coin is worth $0. So any and all hashing power put toward mining on that chain is a 100% profit loss. Nobody uses it. Everyone knows itâ€™s a scam. 
"Actually the fake ""bcash"" coin thing was supposed to launch already so that doesn't work anymore"
why this language? they're just  asking a question, maybe they don't know. I know I don't
[deleted]
"> people

no two guesses as to who those 'people' will be.. fml.. BCH PLS!"
"Not sure where those 8mb blocks are

https://bitinfocharts.com/comparison/bitcoin%20cash-size.html"
"Code repositories and blockchain consensus rules are two different things. Both use the term ""fork,"" and it means different things in each context.

You may have forgotten by now, but this comment thread is talking about consensus rules, not code repositories.

https://www.reddit.com/r/btc/comments/8el8n7/bitcoin_cash_is_upgrading_on_may_15_to_32mb_max/dxw6eux

> A fork is when you copy a repo branch into a new repo.

You can't even use fork and branch correctly within the bounded context of code repositories. You can keep calling me wrong and stupid all you want. It won't make you any more correct.

Perhaps hearing it from some others will help lift the cloud of ignorance you're engulfed in: https://bitcoin.stackexchange.com/questions/30817/what-is-a-soft-fork"
"An attack at 1 sat/byte is going to be quite expensive.  Also that fee went to secure the entire chain before it. Everytime that block gets copied, so is the proof of work that came from the fees. So yes, please ""spam"" as much as you like :)"
"> there should always be a cap to prevent spam attacks

1. The cap is not necessary to prevent spam, we already have coin-age for this which works very well.
2. There is no such thing as spam. ""Spam"" only exists in Core's Bitcoin's definition. In Bitcoin Cash, every fee paying transaction is a legit transaction.

> I disagree

Nobody cares whether you agree or disagree, you are here only for 8 months and (apparently) you don't anything about the subject."
It's the only post in this thread so far that actually is about bitcoin. 
 Lol better fork join that git repo amirite...
"Nope. Segwit doesn't reject any old transactions. You've got this wrong, sorry.

No upgrade was needed, unless you wanted to use the new functionality, just like you say.

You should read up about it! I know the S word is an instant downvote around here, but Segwit was an excellent example of a backwards compatible soft fork, and very cleverly coded. "
I think you misunderstand the situation entirely. However, clarity is not needed for upvotes here. 
Absolutely nothing. 
lol â€œclashicâ€ coin is worth $0. So any and all hashing power put toward mining on that chain is a 100% profit loss. Nobody uses it. Everyone knows itâ€™s a scam. 
It used to be an alternative sub name for Bitcoin back when the two opposing factions - small blockers and big blockers - did not make two chains
Dude chyll got no reason to lie used to mine with knc jupiter stopped mining btc years ago
">I don't care about alts. What do I need alts for ? I am here for the true Bitcoin, not alts.

alt accounts, not altcoins, calm down"
"A soft-fork, by definition, is a fork where certain previously valid transactions are no longer valid. A soft-fork makes it so that an old client can't send new transactions, but can receive new blocks. Miners will be in direct competition, as if the new chain ever becomes longer it'll override the old chain (since it's shorter and the new chain is valid). It favors the upgrade, as the new chain will win unless the old chain has significantly more hashpower. Nodes on the new version will drop transactions made by clients on the old version.

A hard-fork, by definition, is a fork where certain previously invalid transactions become valid. A hard-fork makes it so that an old client can send transactions, but can't receive new blocks. Miners will be in direct competition, as if the old chain ever becomes longer it'll override the new chain (since it's shorter and the old chain is valid). It favors the current state, as the old chain will win unless the new chain has significantly more hashpower. Nodes on the old version will drop transactions made by clients on the new version.

Quite literally, the only difference between a soft-fork and a hard-fork is whether it's invalid transactions being made valid (hard-fork), or old transactions being made invalid (soft-fork).

If you do both (so that you actually split into two chains), it's generally also called a hard-fork, but it technically isn't, it's both a soft-fork and a hard-fork.

> Because that has never happened and there were many soft forks already.

Happened multiple times. BIP66, P2SH, BIP12, are just a few examples where miners would reject transactions that were previously valid, and non-mining nodes would silently drop them and not propagate them. If a miner mined a block, all the miners on the new version would ignore it if it wasn't the new version. All of those were contentious soft-forks that were upheld through a sybil attack that stopped miners from having their blocks propagated."
"Are you really calling people asking questions ""retarded"" ?  Wow.  "
"So because you are wrong, you want to just attack me for not using your approved name for bitcoin cash.  Get over yourself.  Stop being a child.

There is core and cash, get over that too.  We don't need to be activists in normal conversation."
Depends on how the market values the Original Bitcoin Cash Vision(TM). 
By the same guys that tested the 2x fork, I hope! 
Thanks
"Caps-lock, check

Name-calling check

Zero-value comment check

Analysis: Tearful since missing out and realizing he didnt have the expertise to install an LN node properly promptly losing a small fortune in an inaccessible channel. Scared and frustrated? Chill and buy some BCH. "
"Caps-lock, check

Name-calling check

Zero-value comment check

Analysis: Tearful since missing out and realizing he didnt have the expertise to install an LN node properly promptly losing a small fortune in an inaccessible channel. Scared and frustrated? Chill and buy some BCH. "
"> Shouldn't you guys be focusing on optimizing the code base instead of just increasing the block size?

The 8MB consensus limit (just like the 1MB limit of BTC) is *arbitrary*.  Removing it *does* optimize the code base.  The next limit (of 32MB) is a technical limit due to the way network messages were encoded by Satoshi.  So, the developers agree with you that ""optimizing"" the code base has value, and are doing exactly that."
You don't have to do anything. 
Redditor /u/nfxcrypto has low karma in this subreddit.
"There's really nothing to worry about. Take a look at the new opcodes being introduced: https://github.com/bitcoincashorg/spec/blob/master/may-2018-reenabled-opcodes.md

They're all simple byte manipulation operations which run in constant time and have straight-forward implementations."
There have been a few 8MB blocks mined. 
[Yes](https://www.mail-archive.com/cryptography@metzdowd.com/msg09964.html)
"Each mined block can hold up to 32 MB of transactions. 

Assuming each transaction is roughly 250 bytes (they vary), there are about 4,000 transactions in 1 MB. 

This means that the new block size of 32 MB can hold about 128,000 transactions per block.

Assuming a block every 10 minutes, this translates to about 213 transactions per second. The 8MB it is upgrading from are able to handle about 53 transactions per second. "
"> Whats the point ?

Propaganda, and reaffirming the direction Bitcoin Cash wants to take. There is no real practical reason for a block size increase right now. Even if some huge adoption comes over night, the miners could *already* decide to mine bigger blocks"
"Difficulty adjusts pretty quickly, so the ""not profitable"" argument doesn't hold much weight. The current chain will likely continue along with the new one. "
"wow, 65%!?  im seeing 18%. i dont understand the disparity.  from my [post below](https://www.reddit.com/r/btc/comments/8el8n7/bitcoin_cash_is_upgrading_on_may_15_to_32mb_max/dxw9uf0/)
"
"No.

https://bitinfocharts.com/comparison/bitcoin%20cash-size.html"
Answer here https://reddit.com/r/btc/comments/8el8n7/_/dxw9eor/?context=1
"Caps-lock, check

Name-calling check

Zero-value comment check

Analysis: Tearful since missing out and realizing he didnt have the expertise to install an LN node properly promptly losing a small fortune in an inaccessible channel. Scared and frustrated? Chill and buy some BCH. "
"Not very robust source.

We have had 8mb blocks several times."
Will this upgrade make bitcoin cash better than bitcoin in quality? So to say, do we expect big rush to buy bitcoin cash which can push its price high to where it deserves? 
There is no need for this
BCH IS TRASH, anyone who holds it is a fool or a scam artist.
can anybody explain to me why the bigger block size is happening? Its not like the current blocks are anywhere near to beeing full
so how does this affect the BCH I currently have and how do I get them on the new fork?
This upgrade will be really easy to roll out and have the miners agree on. Especially since the majority of mining pools are run by the same 3 groups. WAKE UP PEOPLE
but nobody uses our chain so why do we need to upgrade? Last block size was 20kB...
this will be fun.  bitcoin cash scamcoin led by liars, tax dodgers, and convicted felons can't fill 1 mb, but  32 mb is needed! lol.
who needs 32 when 8 is not even remotely close to being full?  
Are we tracking how many miners have updated? Is there any indication in the blocks?
What's the largest block mined so far?
Was 32MB satoshi's vision?
So as an outsider interested in BCH, what does a 32 mb block size mean?
I mean im all for it and +1 but are the blocks already filling up to the 8mb cap?
Is this the kind of fork that will double my BCH holdings? Like when btc forked and everyone then had equal amounts btc and bch? 
"Caps-lock, check

Name-calling check

Zero-value comment check

Analysis: Tearful since missing out and realizing he didnt have the expertise to install an LN node properly promptly losing a small fortune in an inaccessible channel. Scared and frustrated? Chill and buy some BCH. "
"> Thank you for using the term ""upgrade""!

Fuck the term ""upgrade"".

> I see prominent figures on the community continuing to use the term ""hard fork"" or ""forking"". How foolish.

Fuck 'how foolish'.

EDIT: I have been banned from participating in /r/btc. This account was for fun but the mods here have no sense of humor and by the way they are liars about supporting free speech."
A fork means a competitor branch.  An upgrade is a non passive change on the main line, which is what is happening in may.  There is no side branch being created.
"Caps-lock, check

Name-calling check

Zero-value comment check

Analysis: Tearful since missing out and realizing he didnt have the expertise to install an LN node properly promptly losing a small fortune in an inaccessible channel. Scared and frustrated? Chill and buy some BCH. "
"Caps-lock, check

Name-calling check

Zero-value comment check

Analysis: Tearful since missing out and realizing he didnt have the expertise to install an LN node properly promptly losing a small fortune in an inaccessible channel. Scared and frustrated? Chill and buy some BCH. "
No. 
