body;score;nb_replies;stickied;author;id;post_title;post_link
"It looks like the bet will be:

* Me (Roger Ver) 1,000
* vs
* Charlie Lee 250
* Ben Davenport 250
* Alex Morcos 250
* Tuur Demeester 250";275;38;False;MemoryDealers;dnoy1ra;I just bet 1,000 BTC (~$4M USD) that Segwit 2X coin will have more value than Segwit 1x coin.;https://twitter.com/rogerkver/status/913870930815807488
~~Question: By what exact date/time is the winner to be decided?~~ Ed sorry got it;2;0;False;seedpod02;dnoygct;I just bet 1,000 BTC (~$4M USD) that Segwit 2X coin will have more value than Segwit 1x coin.;https://twitter.com/rogerkver/status/913870930815807488
What are the terms of the bet? Have they been hashed out (see what i did there, I'm a funny guy);36;1;False;PilgramDouglas;dnoymko;I just bet 1,000 BTC (~$4M USD) that Segwit 2X coin will have more value than Segwit 1x coin.;https://twitter.com/rogerkver/status/913870930815807488
WOW - this is amazing. Going to be so much fun. Can't wait for November Hard Fork now.;37;0;False;BTCBCCBCH;dnoy8ik;I just bet 1,000 BTC (~$4M USD) that Segwit 2X coin will have more value than Segwit 1x coin.;https://twitter.com/rogerkver/status/913870930815807488
