,date,words
0,2015-12-15,"['yes', 'mod', 'bullshit', 'btc', 'post', 'lol', 'disinformation', 'community', 'question', 'mods', 'bitcoin', 'btcdrak', 'users', 'rules', 'quite', 'ban', 'makes', 'put', 'one', 'seems', 'reddit', 'role', 'moderation', 'evidence', 'cant', 'comment', 'drama', 'score', 'ignoring', 'sold', 'crisis', 'know', 'agree', 'lose', 'worst', 'still', 'respected', 'moderator', 'theres', 'guidelines', 'lobbiest', 'topic', 'away', 'work', 'better', 'course', 'new', 'okcoin', 'political', 'said']"
1,2015-12-16,"['bitcoin', 'btc', 'borg', 'play', 'well', 'dont', 'get', 'community', 'banned', 'mods', 'tip', 'day', 'trust', 'people', 'subreddit', 'reddit', 'moderation', 'see', 'principled', 'hes', 'find', 'would', 'one', 'remove', 'character', 'please', 'say', 'moderator', 'like', 'guideline', 'roger', 'mod', 'sort', 'seems', 'want', 'shit', 'posting', 'filter', 'hate', 'thief', 'good', 'opinion', 'anything', 'said', 'ver', 'idealism', 'users', 'even', 'decisions', 'bot']"
2,2015-12-17,"['downvote', 'ignore', 'someone', 'similar', 'control', 'agree', 'algorithm', 'algorithms', 'could', 'addons', 'advertises', 'algos', 'apparently', 'attempts', 'body', 'browser', 'call', 'cant', 'clearly', 'comment', 'contradiction', 'developing', 'duplicate', 'effectively', 'enlargement', 'equivalent', 'even', 'exactly', 'experience', 'fag', 'fairly', 'fashbinderpwn', 'feature', 'features', 'filter', 'filters', 'function', 'general', 'give', 'grow', 'however', 'human', 'idea', 'impartial', 'increases', 'influence', 'interesting', 'layer', 'learning', 'let']"
3,2015-12-30,"['reddit', 'ad', 'away', 'block', 'body', 'css', 'doubt', 'fudged', 'heard', 'money', 'problem', 'running', 'subreddit', 'take', 'thing', 'think', 'would']"
4,2015-12-31,"['changetip', 'ads', 'lol', 'theymos', 'nice', 'css', 'bitcoin', 'ban', 'like', 'users', 'donate', 'mod', 'reddit', 'sub', 'one', 'cta', 'mine', 'running', 'would', 'logo', 'hidden', 'disable', 'think', 'know', 'ux', 'style', 'though', 'admins', 'headline', 'case', 'able', 'account', 'action', 'actually', 'ad', 'adblockers', 'add', 'adnon', 'adspace', 'advert', 'advertised', 'advertising', 'ago', 'allow', 'allowed', 'already', 'also', 'always', 'another', 'anymore']"
5,2016-01-01,"['advertising', 'department', 'ad', 'ads', 'allow', 'blocked', 'body', 'censored', 'certain', 'complained', 'complaints', 'control', 'day', 'go', 'likely', 'mod', 'mods', 'protect', 'reddit', 'removed', 'rounds', 'seen', 'theymos', 'thing', 'uncensored', 'use', 'wondering', 'words', 'would', 'wouldnt']"
6,2016-01-18,"['bitcoin', 'want', 'clap', 'core', 'fork', 'hard', 'like', 'classic', 'would', 'dont', 'devs', 'long', 'rules', 'man', 'good', 'people', 'party', 'well', 'hes', 'filter', 'spam', 'may', 'version', 'mandela', 'post', 'segwit', 'seems', 'democracy', 'time', 'wow', 'btc', 'ears', 'code', 'medium', 'pov', 'say', 'different', 'bit', 'saiichihashi', 'reddit', 'consensus', 'said', 'think', 'scaling', 'account', 'card', 'credit', 'replacement', 'capacity', 'also']"
7,2016-01-19,"['many', 'code', 'longest', 'producing', 'users', 'chain', 'valid', 'addresses', 'new', 'contentious', 'fork', 'future', 'hard', 'sets', 'less', 'world', 'also', 'address', 'clienwallet', 'segwit', 'software', 'time', 'arent', 'devs', 'able', 'accessible', 'actually', 'adamus', 'alone', 'already', 'among', 'anyhow', 'apparent', 'arbitrary', 'argue', 'asshole', 'away', 'barriers', 'beat', 'become', 'benefit', 'best', 'biggest', 'bitcoin', 'blockchain', 'blocksize', 'body', 'bogged', 'breast', 'calm']"
8,2016-01-20,"['body', 'shoutout', 'thank']"
9,2016-01-21,"['bitcoin', 'core', 'democracy', 'see', 'one', 'people', 'might', 'new', 'question', 'security', 'much', 'developers', 'world', 'like', 'governance', 'free', 'rule', 'together', 'system', 'would', 'made', 'future', 'something', 'increase', 'let', 'power', 'ask', 'decide', 'right', 'need', 'possible', 'currency', 'queen', 'make', 'trade', 'wants', 'election', 'first', 'also', 'showing', 'consensus', 'act', 'different', 'said', 'bring', 'features', 'process', 'say', 'ability', 'blocksize']"
10,2016-01-25,"['shocked', 'core', 'censorship', 'reddit', 'theymos', 'relevance', 'hes', 'opinions', 'like', 'people', 'bitcoin', 'bitcointalk', 'oppressive', 'reward', 'actions', 'post', 'dont', 'going', 'opinion', 'posting', 'refrain', 'also', 'long', 'devs', 'believes', 'big', 'statement', 'changing', 'saying', 'bitcoinorg', 'public', 'think', 'licensing', 'mean', 'developers', 'miners', 'goodfaith', 'vote', 'authority', 'bother', 'cartel', 'support', 'nothing', 'obvious', 'theymoss', 'denounce', 'trust', 'trying', 'mb', 'patched']"
11,2016-01-26,"['paid', 'bitcoin', 'dont', 'would', 'core', 'know', 'keys', 'theymos', 'bad', 'hes', 'heavily', 'btc', 'analysis', 'alert', 'key', 'find', 'heres', 'one', 'actually', 'blockstream', 'disingenuous', 'growth', 'size', 'userbase', 'ever', 'costs', 'good', 'longer', 'software', 'like', 'theyre', 'use', 'access', 'account', 'actions', 'afraid', 'agf', 'agreeing', 'along', 'also', 'alternative', 'amen', 'aminok', 'anonymity', 'anyone', 'anywhere', 'around', 'assume', 'assumptions', 'atomic']"
12,2016-01-27,"['blockstream', 'censorship', 'bitcoin', 'supports', 'bubble', 'continue', 'core', 'try', 'adam', 'agenda', 'agree', 'already', 'anyone', 'around', 'back', 'bad', 'bash', 'basically', 'blockstreams', 'body', 'btc', 'btcdrak', 'censor', 'censoring', 'clearly', 'companies', 'devs', 'discussion', 'else', 'even', 'everyone', 'fantasy', 'forget', 'good', 'goodfaith', 'goodness', 'goon', 'goons', 'greg', 'hated', 'head', 'innocent', 'kicked', 'know', 'knowing', 'life', 'like', 'living', 'make', 'maxwell']"
13,2016-02-01,"['censored', 'body', 'fucked', 'thats', 'word']"
14,2016-02-08,"['bitcoinofficial', 'body']"
15,2016-02-11,"['hip', 'would', 'bitcoin', 'blocks', 'downvoted', 'coinbase', 'forced', 'use', 'fire', 'bits', 'comments', 'mean', 'hash', 'useful', 'mining', 'engineers', 'need', 'chain', 'ship', 'classic', 'centralising', 'understand', 'lightning', 'like', 'could', 'better', 'coins', 'flash', 'new', 'business', 'comic', 'referenced', 'one', 'still', 'fork', 'everyone', 'companies', 'deliver', 'users', 'miners', 'old', 'bitpay', 'exchange', 'centralization', 'men', 'soon', 'absence', 'accomplished', 'achieves', 'acteur']"
16,2016-02-12,"['fuck', 'could', 'would', 'fucking', 'chain', 'new', 'mining', 'attack', 'hashrate', 'think', 'algorithm', 'deterrent', 'equipment', 'miners', 'second', 'network', 'first', 'already', 'changing', 'everyone', 'gain', 'issue', 'like', 'quickly', 'segwit', 'switch', 'though', 'typically', 'work', 'able', 'active', 'alone', 'also', 'always', 'anyone', 'apparent', 'arguably', 'asic', 'assemble', 'assuming', 'attacks', 'base', 'based', 'benefit', 'best', 'better', 'big', 'bit', 'blockchain', 'blocks']"
17,2016-02-14,"['house', 'known', 'anyone', 'authority', 'aware', 'bad', 'body', 'bring', 'busy', 'come', 'contact', 'first', 'fix', 'forward', 'intentions', 'nakamoto', 'one', 'order', 'pete', 'revolution', 'satoshi', 'stuff', 'succeed', 'surprise', 'time', 'together', 'wladimir', 'would']"
18,2016-02-25,"['segwit', 'core', 'cost', 'data', 'bitcoin', 'mediann', 'would', 'good', 'onchain', 'discount', 'free', 'developers', 'thank', 'classic', 'translation', 'like', 'roadmap', 'devs', 'need', 'thanks', 'ive', 'show', 'time', 'thinks', 'also', 'scaling', 'stuff', 'satoshi', 'hug', 'trick', 'vision', 'conference', 'block', 'people', 'plan', 'want', 'part', 'back', 'lot', 'software', 'proposal', 'validation', 'leader', 'thought', 'main', 'chain', 'saying', 'months', 'average', 'measurement']"
19,2016-02-26,"['onchain', 'offchain', 'scaling', 'fly', 'would', 'peacock', 'bitcoin', 'chain', 'roadmap', 'miners', 'block', 'anger', 'rephrase', 'think', 'great', 'kokansei', 'clear', 'best', 'saying', 'businesses', 'yous', 'suggesting', 'forums', 'average', 'median', 'need', 'next', 'case', 'puts', 'node', 'small', 'want', 'bot', 'reddit', 'core', 'dont', 'take', 'one', 'translating', 'much', 'argument', 'larger', 'leader', 'leaders', 'pools', 'ones', 'people', 'love', 'transactions', 'year']"
20,2016-02-27,"['bitcoin', 'chain', 'companies', 'scaling', 'would', 'dont', 'less', 'core', 'tell', 'like', 'bot', 'reddit', 'want', 'privacy', 'running', 'currency', 'businesses', 'use', 'blocks', 'already', 'main', 'transaction', 'one', 'educate', 'exists', 'scalability', 'way', 'significant', 'doesnt', 'people', 'offchain', 'community', 'public', 'size', 'onchain', 'new', 'nodes', 'code', 'argument', 'solution', 'full', 'interested', 'care', 'security', 'things', 'capital', 'holders', 'rational', 'saying', 'tactics']"
21,2016-02-28,"['interests', 'contract', 'portion', 'assuming', 'lightning', 'network', 'offchain', 'problems', 'almost', 'already', 'amkyc', 'believe', 'big', 'bitcoin', 'blockstream', 'body', 'busy', 'centralized', 'changes', 'clients', 'coinbase', 'community', 'companies', 'complexity', 'concern', 'conflate', 'conflation', 'core', 'corporate', 'couple', 'ct', 'custodian', 'deleted', 'didnt', 'dont', 'dozen', 'dumb', 'enchanted', 'even', 'everybody', 'evil', 'fact', 'find', 'forest', 'fragility', 'fucking', 'get', 'giant', 'googles', 'governance']"
22,2016-02-29,"['average', 'growth', 'time', 'blocks', 'coins', 'transaction', 'archive', 'much', 'transactions', 'feb', 'timestamp', 'think', 'confirmation', 'volume', 'years', 'spikes', 'data', 'gavin', 'may', 'maybe', 'still', 'actively', 'actually', 'added', 'admirable', 'ago', 'alike', 'along', 'already', 'also', 'always', 'andits', 'another', 'anything', 'appear', 'arent', 'artificial', 'assume', 'assuming', 'asterisk', 'atm', 'averaging', 'back', 'beginning', 'belongs', 'best', 'better', 'big', 'bitcoin', 'bitpays']"
23,2016-03-01,"['post', 'spam', 'thats', 'transactions', 'median', 'bitcoin', 'chart', 'volume', 'average', 'problem', 'quite', 'look', 'phase', 'satoshbyte', 'code', 'time', 'true', 'point', 'charts', 'delay', 'default', 'times', 'start', 'stress', 'years', 'mike', 'confirmation', 'like', 'initial', 'software', 'could', 'well', 'exponential', 'linear', 'account', 'achieve', 'activated', 'actual', 'actually', 'admitted', 'adoption', 'advance', 'afford', 'ago', 'agree', 'agreed', 'allowed', 'already', 'also', 'altcoin']"
24,2016-03-02,"['also', 'block', 'price', 'fee', 'bitcoin', 'size', 'solution', 'secure', 'problem', 'users', 'market', 'arbitrary', 'balk', 'change', 'forking', 'mostly', 'parameters', 'demand', 'make', 'pay', 'real', 'higher', 'alternative', 'cheaper', 'understand', 'choose', 'transactions', 'people', 'able', 'actually', 'adam', 'admit', 'allinclusive', 'altcoin', 'artificially', 'aspect', 'away', 'back', 'better', 'big', 'blocksize', 'body', 'bold', 'brings', 'btw', 'cannot', 'capacity', 'caused', 'centralization', 'centralized']"
25,2016-03-03,"['actual', 'average', 'body', 'data', 'look', 'minutes', 'nobody', 'post', 'read', 'results', 'similar', 'simulation', 'stuff', 'take', 'though', 'time', 'waiting', 'wow']"
26,2016-03-04,"['bitcoin', 'bye', 'deleted', 'miners', 'problem', 'would', 'core', 'halving', 'protocol', 'team', 'classic', 'coins', 'posts', 'mine', 'price', 'posted', 'shouldnt', 'one', 'right', 'think', 'person', 'theyve', 'upgrade', 'let', 'answer', 'alts', 'hardfork', 'new', 'feedback', 'users', 'thousands', 'know', 'enough', 'work', 'mining', 'worst', 'becomes', 'time', 'difficulty', 'thats', 'voting', 'people', 'move', 'hardware', 'see', 'slow', 'gave', 'day', 'per', 'block']"
27,2016-03-05,"['bitcoin', 'thanks', 'want', 'classic', 'would', 'know', 'see', 'blockstream', 'adjust', 'youre', 'dont', 'post', 'block', 'intelligence', 'adjusts', 'team', 'right', 'comments', 'like', 'gold', 'halving', 'people', 'whole', 'mining', 'upgrade', 'non', 'get', 'intelligent', 'need', 'core', 'trying', 'adjustment', 'could', 'lack', 'miners', 'isnt', 'china', 'ethereum', 'one', 'much', 'business', 'social', 'value', 'answer', 'monero', 'blocks', 'new', 'well', 'possible', 'vote']"
28,2016-03-06,"['wow', 'anf', 'around', 'bitcoin', 'body', 'boys', 'companys', 'could', 'disjunctures', 'employed', 'existence', 'followed', 'fulltime', 'hey', 'keep', 'man', 'neuropathies', 'opened', 'post', 'psychologists', 'rest', 'shit', 'show', 'sorts', 'team', 'thanks', 'thick']"
29,2016-03-12,"['bitcoin', 'lightning', 'blockstream', 'psa', 'mining', 'control', 'people', 'address', 'public', 'alex', 'site', 'investors', 'good', 'irc', 'kettle', 'pot', 'block', 'network', 'thank', 'one', 'like', 'plan', 'dont', 'work', 'would', 'new', 'chain', 'long', 'btc', 'rent', 'seeker', 'failure', 'graph', 'post', 'validate', 'ago', 'size', 'cannot', 'altcoins', 'interest', 'message', 'properties', 'bot', 'commercial', 'sidechains', 'made', 'put', 'even', 'reddit', 'blocksize']"
30,2016-03-13,"['bitcoin', 'blockstream', 'btc', 'chain', 'classic', 'limit', 'core', 'people', 'site', 'angry', 'one', 'work', 'valid', 'north', 'honest', 'agree', 'ledger', 'would', 'first', 'spam', 'sites', 'see', 'miners', 'alex', 'dont', 'majority', 'working', 'network', 'design', 'original', 'split', 'doesnt', 'gavinandresen', 'link', 'developers', 'nice', 'longest', 'validity', 'anything', 'money', 'sold', 'change', 'pornographic', 'long', 'point', 'blocks', 'really', 'issue', 'korea', 'company']"
31,2016-03-14,"['block', 'network', 'nodes', 'real', 'scaling', 'node', 'blocksize', 'downloaded', 'one', 'peer', 'page', 'propagation', 'seconds', 'web', 'try', 'download', 'would', 'code', 'right', 'source', 'technical', 'server', 'single', 'bitcoin', 'average', 'clients', 'datacenter', 'imagine', 'minutes', 'model', 'say', 'take', 'tier', 'time', 'worldwide', 'actually', 'added', 'additionally', 'agree', 'amigo', 'analgous', 'anyone', 'approximately', 'arguments', 'around', 'aside', 'attack', 'back', 'bandwidth', 'bearing']"
32,2016-03-15,"['bilderbergers', 'body', 'case', 'developers', 'gaining', 'metrics', 'one']"
33,2016-03-18,"['body', 'great', 'thats']"
34,2016-05-02,"['bitcoin', 'satoshi', 'dont', 'believe', 'authority', 'know', 'way', 'feel', 'sorry', 'would', 'craig', 'work', 'big', 'people', 'travel', 'one', 'hes', 'good', 'andreas', 'development', 'black', 'gavin', 'asked', 'cryptographic', 'back', 'find', 'jon', 'sn', 'havent', 'suggested', 'right', 'blockchain', 'asking', 'hope', 'appeal', 'explain', 'likely', 'messages', 'verifying', 'fan', 'much', 'doesnt', 'get', 'understand', 'white', 'adam', 'experts', 'tax', 'wonderful', 'perhaps']"
35,2016-05-03,"['satoshi', 'cryptography', 'disturbed', 'story', 'would', 'bitcoin', 'proof', 'post', 'information', 'coins', 'nakamoto', 'conned', 'like', 'one', 'people', 'public', 'fact', 'authority', 'read', 'bit', 'dont', 'think', 'honest', 'protect', 'hes', 'know', 'say', 'way', 'must', 'blog', 'ive', 'doesnt', 'mean', 'also', 'block', 'locked', 'signed', 'dick', 'identity', 'person', 'smart', 'much', 'away', 'add', 'extension', 'thing', 'open', 'far', 'wider', 'year']"
36,2016-05-04,"['amsterdam', 'andreas', 'argument', 'body', 'community', 'love', 'salad', 'spot', 'voice']"
37,2016-05-05,"['best', 'body', 'post', 'seen', 'week']"
38,2016-05-06,"['gavin', 'satoshi', 'wright', 'still', 'even', 'would', 'signature', 'bitcoin', 'time', 'one', 'people', 'proof', 'plz', 'meetings', 'respect', 'craig', 'project', 'know', 'csw', 'speculation', 'blockstream', 'need', 'team', 'question', 'said', 'nothing', 'sub', 'doubt', 'saw', 'lying', 'theres', 'voice', 'many', 'reasonable', 'well', 'inference', 'human', 'could', 'think', 'bitch', 'knew', 'make', 'either', 'proven', 'dont', 'posting', 'forgery', 'pure', 'things', 'core']"
39,2016-05-07,"['gavin', 'people', 'convinced', 'scammed', 'even', 'list', 'proof', 'knew', 'short', 'wheres', 'tisk', 'world', 'done', 'long', 'minimal', 'scammer', 'vouching', 'dont', 'know', 'nothing', 'almost', 'less', 'thoroughly', 'accordingly', 'accurately', 'accusations', 'agree', 'ahold', 'along', 'already', 'anyone', 'article', 'assertion', 'atlarge', 'attenting', 'back', 'based', 'becoming', 'began', 'believe', 'besides', 'best', 'bitcoin', 'block', 'blockchain', 'body', 'calling', 'cant', 'care', 'cause']"
40,2016-05-08,"['evidence', 'able', 'available', 'become', 'body', 'censored', 'censorship', 'compiled', 'find', 'hearn', 'might', 'mike', 'one', 'parallel', 'platform', 'present', 'proof', 'right', 'subreddit']"
41,2016-06-30,"['miners', 'bitcoin', 'core', 'hard', 'classic', 'blocks', 'would', 'bifurcation', 'terminator', 'pool', 'consensus', 'fork', 'yada', 'support', 'proposal', 'segwit', 'dont', 'weeks', 'like', 'hash', 'economic', 'plan', 'vote', 'limit', 'one', 'reddit', 'mineral', 'money', 'believe', 'saying', 'change', 'get', 'majority', 'block', 'price', 'less', 'nodes', 'want', 'hashrate', 'need', 'nice', 'none', 'well', 'devs', 'power', 'best', 'expect', 'exchange', 'fuck', 'become']"
42,2016-07-01,"['end', 'point', 'miners', 'control', 'chinese', 'core', 'term', 'economically', 'like', 'sounds', 'bitcoin', 'important', 'something', 'would', 'agreement', 'people', 'armstrong', 'american', 'delegation', 'group', 'keep', 'leadership', 'said', 'software', 'act', 'actually', 'adam', 'agenda', 'ago', 'agree', 'allowed', 'along', 'also', 'alternative', 'alternatives', 'always', 'americans', 'among', 'another', 'anything', 'approach', 'arent', 'arguing', 'around', 'awesome', 'back', 'badly', 'behavior', 'believe', 'better']"
43,2016-07-02,"['bitcoin', 'lightning', 'network', 'whitepaper', 'ability', 'according', 'actually', 'allow', 'also', 'always', 'amounts', 'another', 'bitcoins', 'body', 'book', 'brush', 'cash', 'child', 'correct', 'directly', 'doesnt', 'dogmatic', 'dont', 'double', 'electronic', 'even', 'excited', 'exciting', 'fee', 'fees', 'financial', 'first', 'get', 'going', 'got', 'guess', 'high', 'holy', 'instead', 'institution', 'large', 'left', 'level', 'like', 'locking', 'low', 'microtransactions', 'middleman', 'nakamoto', 'onchain']"
44,2016-07-03,"['disaster', 'us', 'mb', 'good', 'ideology', 'dont', 'want', 'core', 'clear', 'trust', 'would', 'nodes', 'community', 'majority', 'funny', 'scaling', 'bitcoin', 'still', 'number', 'exactly', 'long', 'writing', 'even', 'right', 'classic', 'much', 'said', 'thinking', 'similarly', 'supporters', 'meaningless', 'acceptable', 'actions', 'adaptive', 'afraid', 'agree', 'agreement', 'algorithm', 'alone', 'always', 'analysis', 'another', 'anyway', 'approximitaly', 'arbitrary', 'argument', 'attack', 'attitude', 'automatic', 'basis']"
45,2016-07-13,"['afaik', 'may', 'argue', 'body', 'case', 'causality', 'economic', 'favor', 'hence', 'larger', 'majority', 'maxblocksize', 'possible', 'post', 'result']"
46,2016-07-26,"['bitcoin', 'body', 'chinese', 'dont', 'fortunately', 'generally', 'read']"
47,2016-09-22,"['xthin', 'core', 'better', 'bitcoin', 'bitcointalkorg', 'blow', 'body', 'bribes', 'cant', 'coercion', 'confusing', 'consensus', 'controls', 'dont', 'either', 'everything', 'favor', 'good', 'hate', 'intentionally', 'know', 'long', 'lying', 'majority', 'many', 'nice', 'nodes', 'probably', 'propaganda', 'quo', 'riddance', 'seems', 'solution', 'stand', 'starting', 'status', 'statusquo', 'supporters', 'theymos', 'think', 'time', 'unlimited', 'way', 'without']"
48,2016-11-14,"['bitcoin', 'people', 'btc', 'censorship', 'theymos', 'see', 'opposed', 'users', 'bot', 'altcoin', 'like', 'post', 'facts', 'proof', 'rules', 'said', 'want', 'core', 'data', 'spent', 'reach', 'dont', 'well', 'control', 'trump', 'cant', 'dog', 'food', 'used', 'change', 'talking', 'way', 'good', 'point', 'every', 'one', 'centralized', 'giving', 'know', 'property', 'stop', 'demodded', 'information', 'justify', 'enforce', 'offenses', 'posts', 'private', 'increase', 'get']"
49,2016-11-15,"['bitcoin', 'ack', 'censorship', 'core', 'fork', 'users', 'know', 'majority', 'internet', 'contentious', 'time', 'price', 'moderators', 'one', 'market', 'would', 'roger', 'rising', 'prove', 'agree', 'mike', 'nodes', 'clear', 'never', 'rule', 'dont', 'wouldnt', 'behind', 'theymos', 'hearn', 'think', 'posts', 'enforced', 'makes', 'long', 'question', 'post', 'right', 'altcoin', 'hard', 'mod', 'bad', 'block', 'things', 'point', 'size', 'even', 'people', 'bip', 'blocks']"
