7eil12;1162
7opi7w;747
7hzklb;1165
7kxfor;999
7dzqhm;498
7ih0hd;620
6gek0z;459
7i7qch;144
6rjzqz;227
7mbote;556
7lqlgj;187
7xbyix;110
7owwoi;331
7pf9et;497
7l10a4;267
7mkyjy;320
7lfyrf;246
7cd0bp;362
7krx5j;312
7puy5a;116
7uvbjm;161
7qsndd;150
7k2cu8;317
7lybxy;1844
8ameo2;79
7z3hui;153
7cw54z;295
78a1t9;351
7ez93l;308
7ofrqf;516
7iyyti;432
7scgqn;200
7lhie4;524
7bmp4u;1426
7fkrk6;458
7l9468;385
7poga6;281
7eoxt7;278
7jghan;145
841ygc;232
7m2gb8;338
7vctu9;139
7nfv4r;280
7ojvca;572
7x5opq;521
7dv508;311
7e8ke5;252
7q18tb;81
9zegun;284
8erz1e;84
7dbm3n;1113
7mykhw;845
7lnu9w;253
7uhy0o;227
7vgj26;106
7jqrun;102
6rr6uo;231
7mh1wm;283
61sim7;478
6qy4df;609
6vbrt6;236
7qix0z;51
7gpqfd;306
7g9dd5;281
7nm630;132
7wnf9c;182
7o73vr;414
7lvie2;311
7gg5qt;156
94oh8t;43
8rz0uy;341
7vky4d;89
a66z4q;134
7c94ze;210
82uvll;293
80doke;106
7kfzbi;288
7klo1n;900
7ejdo4;213
7c5v9p;191
7w4utd;190
7kxgei;205
7cpofb;235
79vdce;87
81r2p3;223
7qzpmw;308
7aj19w;158
7snliz;179
3wy8zm;180
980sof;162
89o171;710
859rmi;144
7mszb2;62
7eeu4i;275
7cuwyx;251
7j369o;268
7q4kol;188
7ntq76;124
89xkbs;179
8n81h9;179
8b8ex2;108
6t1ttt;321
7pm555;142
7umljb;489
7j77a8;189
7kybid;114
7tslox;494
7o2j9k;174
6yv7yi;80
7s53cg;170
7dnkl7;240
7pbiga;351
7itd1k;81
7rp5gl;255
79fjcg;135
7jzd30;145
8nqcz1;233
7jax1o;411
7tbzcu;218
7dizzz;268
8d6dtm;400
7lirko;331
83wcca;137
7k9o4o;176
5cue13;313
88mbxc;120
7sgtj9;206
8arp51;299
7a9uha;348
8i6ugd;154
78vkdu;177
6r3zko;235
7n7iq6;179
7ge27h;419
84im0e;48
7hczcb;208
7c38bj;213
7qmbqz;226
75qde1;153
7v6hhb;186
7l1gli;257
6r1vv2;142
919171;207
6uto68;248
7fvaeq;207
8cdv3e;98
775brd;60
82b1mg;193
7hutps;822
c9vx9u;68
7ciwzu;157
69318u;443
83q2dz;75
7sykl0;153
7j1vof;87
7yi0k0;22
7vnoee;215
7l3pcw;258
7c0eds;151
723ys4;176
7dkpfc;145
7f80n1;178
c3e5dd;87
8r4uqt;212
8fth52;347
7w1v68;278
7urbup;78
879xpz;141
7cvzu6;209
7b1nrr;224
7jkpc5;141
7hgkjr;408
84wecc;60
7c1mo4;179
6ws7ax;345
7pg89s;129
7drqje;230
8l8uyj;227
8da1w2;93
6w60ij;77
6s1zlc;133
7wrckl;80
7p1tvc;356
7mg4tm;183
7l3tyn;353
48z1eb;246
7la3f7;253
7csoxe;418
6ysf0s;225
7n15mn;273
7foqr3;85
83iruo;22
att3zw;54
8612wg;258
7nxo9j;149
abteqs;168
7rfog0;492
7eba2b;362
8h7l37;438
7i604n;482
7pbz0m;270
7o1gtl;272
822zb1;120
7erpan;108
9eaxk6;92
8yu0m8;224
7p7sxc;441
7ivvd7;159
6uiint;206
76olcz;398
7m985m;225
7xqzh9;241
6vwtsp;76
8vge65;73
8po00a;301
7rht8s;126
7zd2tv;483
7cfjf3;319
7lqrip;69
6vi2od;80
5xsxhu;274
8m4kuj;83
7dk9ah;410
73az4n;398
5eqvhs;121
9y9s2m;59
bw34e4;209
7bnc3w;238
7xklel;100
7hau2e;100
82lbsw;213
7ga8ln;33
9sls9t;78
7cv6ho;92
7astxu;174
6r9y3p;335
7t76d5;140
6vffh7;101
7ffy6q;440
7cafce;305
5lgduk;37
7r5tdl;195
82yxtk;147
7mz60n;253
7uzz9t;214
7qe85i;111
8hrx68;112
6u1jqt;377
7s1uwf;318
7lggj6;104
7kwnds;74
7wz181;81
7d5cky;96
76ge7b;81
6wy0ss;261
8w1rew;122
8ef1hv;103
7r1qvs;49
7hmgym;162
7kyrrk;242
7bu570;121
4qk7et;487
7qaqp4;156
8050ha;56
7kq5wo;219
7el8m8;104
5xv0at;453
89z483;465
6qw86m;348
7l1snq;71
6ettpe;144
8kem0p;113
6g8rd8;131
7ifgfy;149
74f4rc;115
8gpxhk;321
806lny;75
7m9bt8;77
7k6p13;175
7b7fe3;584
85y9im;316
7m046d;218
88dakq;110
6ymu4b;80
8f9cs3;528
87jpkr;124
6x83ip;153
6qzqwj;18
836sow;241
77bx9m;173
69bwco;146
4a4mph;267
8dea7r;225
83mmiv;121
7lm1qd;378
8el8n7;330
7n5by6;85
6bxkmg;88
7a54q7;188
5zgefe;370
85uo6j;368
7m7l72;214
7obv0s;200
5roq16;79
7rdfln;64
7jr9a2;406
7yvnwx;243
7dh5k2;253
5t01m4;122
7koguj;211
7jvsdd;73
6r4no6;310
7ce2kh;79
7su19z;262
7k9tag;83
6jqrub;544
7l5mra;94
9h6rch;168
7d252y;392
9niuo8;473
75vksk;389
90ghws;99
6rzwhy;144
7d3n5z;911
6rflyb;170
cpcxhm;255
7cmhz2;367
7gu06s;156
77rviy;302
82hvob;168
7nvllm;71
aa7b4l;49
9p5daa;99
7l0oey;170
6bo7ew;113
88pgzo;201
6xpddt;255
8bkeyo;47
818rlz;204
7474tv;344
8qqcbr;288
6oty7x;137
7lh5aw;143
7cd6um;199
72tecp;94
6z06qr;116
7ie6n5;107
834r47;66
7xwlt1;80
7p5q7r;123
5r2opy;256
41ipkd;157
7l0e2n;137
7cwok0;103
60gtdn;170
7i1top;133
7dh4co;54
7c29kk;246
7pz7er;164
7ke7le;94
6it8ic;211
7pxzl2;145
7l7eve;70
5wgrmc;206
7bjqvv;97
7h85a6;100
9jakgv;56
6rc5j1;325
7c2yh8;63
5x0p5k;149
4561qg;88
7u2zxo;187
7l8kz7;295
6te1uu;229
7rxf5r;177
agnub9;44
765gji;372
6qftjc;322
7j0weq;197
7y1rso;53
7jahjz;44
7g1b0f;327
7d94is;402
6uo8oo;133
8wjr3x;181
7y890n;31
7f4147;204
8fj5b0;230
7bybge;216
eiwwfd;237
e2wr9i;206
8cunyq;307
7lh8dy;84
7931fe;253
6vzwur;82
4hj20k;145
cekdbz;78
8jcdoq;114
8f4gjm;59
6wjnzz;177
610kd5;91
7vs48w;261
7mvkx4;167
6uznlb;78
6060i2;118
908b4l;77
7cq87y;318
8b3g0u;97
7ljhaw;127
7jslzs;101
7j7ain;169
72m32c;63
6v3ee8;98
8og81u;59
7r9d29;45
6peqwr;313
7iq51j;229
9dlmsf;300
7lxb7o;52
78r8c6;143
3yu7wy;120
852rf3;131
47kme0;248
8mivfz;545
7r16ry;39
7m25di;342
6w0dji;90
7mh0ll;61
7cvjec;26
7awpft;115
7ndkvm;426
9yki64;101
7upr0u;254
8c9man;67
7kiewp;135
7c8amx;221
84880j;94
7r0ma7;266
7bu3w0;133
6vadfi;303
7y5qe0;66
9rekl0;132
8qsu3l;254
7u7yij;55
7p7evu;161
7ddzmr;239
6wc9he;62
7jivvf;167
7ei4du;78
7h0isc;127
a1fsjl;35
bq3k41;103
7a7947;131
7pvojj;168
4i2oms;77
77mp95;204
6c4iv7;184
8huo44;168
6sxszs;126
7qclgv;252
7inqk4;187
5z3hv5;154
5yz7dk;77
8o88vo;115
7cqw4v;180
6jtm04;128
c6fk0u;49
7grszz;129
7g6auh;322
7d80bj;334
7n0h51;64
9i8obh;147
7tkmeu;163
7rur1l;93
5ozdmw;241
7qokg8;255
7ca0up;121
7lcafe;73
7jnr31;302
42kmlw;109
7pbuea;86
6sdglj;97
86fa87;131
68kflu;305
7yfjkn;620
7m3sqf;158
7fy6af;787
6rpifz;453
cdb4nn;34
81cj18;98
7a2iah;62
7q8dz4;75
7kw9ne;92
874kp1;249
7ib63o;66
6bqmwh;46
7vvmp6;442
7oo4tl;131
6vqym2;152
6h5f74;439
erbwhb;7
erbuaf;2
erbret;25
erbd5s;0
erbbxh;1
erb5nc;93
erayeg;2
eratih;5
erasq6;30
eraran;75
er9qrf;34
er9pk6;2
er9ir8;2
er8suh;0
er8fu9;38
er87li;5
er64wo;0
er61d4;0
er5vsb;0
er59gp;7
er55wn;6
er4yqu;14
er4hkx;19
er4gv8;2
er48in;23
er45pv;3
er3tfa;13
er3s1o;4
er3qu9;9
er3non;0
er3i1v;4
er3gsb;65
er32a7;0
er23qz;11
er206a;1
er1tvz;18
er1huz;0
er1d46;11
er0z0e;1
er0qp3;8
er0pwj;43
er0a4g;0
eqzwem;0
eqztkm;15
eqzq13;3
eqzpjd;24
eqznmi;52
eqzmai;0
eqzln2;0
eqzhp5;6
eqzdr9;0
eqz601;1
eqyufy;1
eqyu4d;3
eqykxz;3
eqygpl;25
eqxtwk;6
eqxnnh;94
eqx57n;0
eqwtms;0
eqw564;37
eqw47z;6
eqvrsq;18
eqvps0;5
equxwo;0
equtaz;66
equejo;2
equbbp;68
eqtfsg;0
eqtbcd;30
eqtav6;94
eqt9zk;23
eqs9dz;10
eqrvxy;0
eqrngv;10
eqqzii;12
eqqkqq;20
eqqfk2;4
eqpwxi;0
eqp7q8;1
eqp57w;10
eqp29o;1
eqokft;0
eqoewv;6
eqo0er;9
eqnz07;55
eqnxyr;22
eqnl6e;18
eqnfgb;3
eqmovw;0
eqmjy5;5
eqmiss;0
eqmifp;0
eqmgvi;2
eqm1e7;0
eqlpz9;10
eqlpvz;50
eqkycg;2
eqkjdb;7
eqkb41;14
eqjwfv;21
eqjvq1;6
eqjv9w;8
eqjpnh;2
eqjj40;3
eqjfss;0
eqiukx;18
eqirop;4
eqijxj;8
eqidpu;1
eqi6h8;3
eqhb8s;0
eqh3a2;22
eqgb5x;0
eqfwec;77
eqfvi4;4
eqfsx2;16
eqf9es;1
eqf4el;0
eqf0fo;7
eqez8y;1
eqeoq1;6
eqe627;47
eqdxvs;12
eqdnms;2
eqdesw;6
eqd2ip;1
eqd1zw;2
eqd1hf;18
eqd1bg;6
eqcrbb;3
eqbxg5;4
eqao0e;6
eqafr5;41
eqa7tg;4
eq9zq0;0
eq9vph;43
eq9sfa;5
eq9qs1;2
eq9kjw;27
eq96yv;4
eq93ay;3
eq8mtw;0
eq8l3w;22
eq8g4i;0
eq7v1r;1
eq7qs8;81
eq7ftn;6
eq7aca;0
eq6sbl;5
eq6nr0;1
eq6br4;1
eq6a2y;18
eq681y;10
eq63un;36
eq5c3x;2
eq54u7;56
eq4t4u;1
eq4fd2;17
eq44q7;3
eq415a;0
eq3vyl;0
eq3ej6;2
eq37v1;6
eq2go0;15
eq2cjg;5
eq2ak9;1
eq20a2;1
eq1nph;248
eq1lpk;2
eq1g8f;194
eq1a1r;31
eq17d2;0
eq0s2l;7
eq0ml8;14
eq0cxl;1
eq08cw;0
eq05ey;6
eq02pm;27
epzx58;15
epzkik;39
epzhif;4
epzf1j;69
epz7ee;4
epysri;0
epyr8a;0
epyf6p;5
epy8m5;10
epy429;0
epx7q6;0
epwrmf;14
epwri2;2
epwgs2;2
epw979;0
epw4l0;6
epw15w;6
epvbw2;18
epuura;4
epucd2;17
epua95;11
eptxnn;0
eptmfe;2
eptl1k;7
eptiks;0
epsys4;48
epstsi;3
eps9p8;50
eprwkw;2
epr4pa;27
epqcz5;2
eppu8r;2
epppa0;0
eppel5;43
epohuj;6
epoap4;12
epo6kx;2
epo4lx;3
epo2jy;4
epnzo5;1
epnl4w;3
epng4i;0
epn21a;1
epmg72;5
epmaeg;2
eplkwc;34
eplavz;4
epl8mz;0
epkqu2;2
epkqpn;2
epkn3y;32
epkj8d;32
epkexq;97
epke1d;0
epkcrr;6
epkauk;3
epk7yy;2
epk5z2;0
epjshx;2
epjoum;0
epjnq8;47
epj5lk;4
epj0v6;35
epiqt6;0
epiqek;2
epil02;7
epikhn;87
epijvo;79
epijep;0
epij15;0
epiiac;1
epi9ks;17
ephwo0;9
ephrlx;75
ephf6j;0
eph3em;85
epgxoc;13
epgar5;0
epfc2o;28
epf7c3;0
epf5up;36
epf4fa;8
epephx;2
epela5;41
epe93d;27
epe5hs;8
epe2m6;0
epdsuh;8
epdfl5;86
epd8rb;14
epcvoz;9
epbpxb;2
epbn09;0
epbbrb;30
epb118;4
epa6ph;0
ep9m8v;12
ep95av;23
ep8wta;5
ep8d9l;3
ep84qx;5
ep7abl;3
ep79lg;0
ep6tjc;7
ep6tga;0
ep6qj1;4
ep6d8i;26
ep674f;1
ep644n;4
ep62iq;2
ep62fs;11
ep5yj2;8
ep5w7u;1
ep5ptw;0
ep5lqe;0
ep5fo0;8
ep4rms;20
ep4c7o;4
ep46r0;42
ep444e;18
ep40ev;30
ep3n0k;0
ep3i7u;14
ep3d5f;0
ep2oz4;18
ep2osw;8
ep2fa0;8
ep26lh;0
ep25li;0
ep2263;20
ep1z8o;9
ep1oey;0
ep1nuy;11
ep1j2t;0
ep15ft;27
ep15ck;5
ep13eh;18
ep0p1i;0
ep0g8n;1
ep03o6;0
eozuyo;1
eozq1c;6
eozmp0;11
eozchl;35
eoz38p;29
eoyrcv;22
eoy9mh;8
eoy8lm;7
eoxpkv;11
eoxlu5;3
eoww70;33
eowkis;63
eowh0k;44
eowglj;7
eovd2w;2
eov7s1;2
eoux80;17
eouv7q;8
eoupd3;0
eouhqo;44
eotw3m;91
eotrkb;0
eot9u3;6
eot6ym;4
eot4vx;0
eoswi8;18
eosrcv;54
eosomw;1
eosjd0;69
eosdtg;0
eos6xq;5
eorzyo;0
eorv3s;1
eor6cr;10
eoqptw;3
eoqmvr;0
eoqjwc;0
eopzwi;2
eopshg;41
eopp9w;2
eopkpv;58
eop5wf;32
eoowad;0
eoosck;13
eoor1q;11
eoop30;4
eool3i;69
eoogkp;0
eoodry;0
eooau5;38
eoo8py;9
eonuug;26
eonrb6;26
eonqf0;4
eono7k;6
eonmd6;2
eongbk;4
eonf0a;6
eonekd;1
eon5mm;456
eon0zz;49
eon03n;33
eomw05;0
eomt7g;9
eomsr6;2
eomkbn;0
eomd76;0
eomalj;3
eom92h;0
eom4oo;2
eolzpj;5
eolpsl;0
eolnes;8
eollen;12
eolivw;23
eolgp4;23
eol7x2;2
eol3nm;1
eoklrk;5
eokky4;2
eokk77;9
eokhw1;12
eok6nu;50
eok4c3;6
eojx2x;4
eojrah;2
eojqq7;13
eojn0u;129
eoj9fb;2
eoiw2x;8
eoir6f;39
eoiidy;49
eohxat;0
eohozh;94
eoh7od;44
eogsyr;3
eogpw0;0
eogeb2;3
eofr86;1
eofl5x;2
eodmki;12
eodbhc;4
eoctvx;1
eocbo5;0
eoc60x;0
eoc2cs;7
eobm7n;0
eobd9u;0
eob9f5;33
eob8vo;9
eoaxu1;0
eoawwk;12
eoascl;19
eoamu2;16
eoa68j;7
eoa0jn;0
eo9bux;2
eo940a;1
eo8yzf;5
eo8m71;0
eo8e5v;5
eo8a43;0
eo7haj;15
eo7emo;1
eo7b3y;14
eo77nz;4
eo73g4;0
eo7012;10
eo6qq2;112
eo6d3m;2
eo60et;26
eo5t3b;1
eo5rmk;0
eo5eh3;86
eo5b5q;1
eo5a7v;25
eo4zzp;0
eo4o3q;0
eo4k4p;0
eo4abm;3
eo49jh;0
eo3mtm;0
eo39p9;0
eo2gyr;30
eo2dos;2
eo1vjw;7
eo1rrg;14
eo1d6j;15
eo0lxe;53
eo0gzp;8
eo0am4;1
enzygp;0
enzusu;5
enzifw;18
enzeso;0
enzc7m;1
eny66w;0
enx87f;144
enwywy;0
envcux;1
enuvy3;0
enunmj;0
entuoy;0
entr8w;2
ent4ne;0
ensrj7;1
enrrwn;15
enrfix;31
enqykg;1
enqptb;8
enqn8o;21
enqdov;2
enqdo3;1
enqak2;0
enptma;10
enpfxu;5
enpa3n;9
enoxal;42
enoi1f;7
enn4sb;27
enmkbk;33
esu25r;19
esttu2;1
esttqb;4
estsll;6
estqoj;21
estk4h;16
est0t5;1
esswk0;121
essrir;5
essis7;21
essfy1;44
essc0y;5
ess7dd;8
ess61j;2
ess1p8;3
esrz25;58
esrujg;2
esrsja;1
esrod4;8
esrnjw;0
esrkn4;9
esrjrs;33
esrhd8;0
esrh0f;12
esrgnf;10
esrasy;104
esr9hb;3
esr8h9;0
esr4zl;1
esr1qe;29
esqwel;16
esqnbo;1
esqjqf;99
esq35x;0
espkys;5
espexp;22
esp9u7;1
esp56e;18
esp2zb;6
esovwo;50
esoi5s;403
esnpmz;61
esnnsq;10
esnkym;6
esnief;0
esn4yv;43
esmsd7;4
esmc6r;2
esm4kt;35
esm4ic;9
eslrie;80
esld8n;7
esl5fn;256
esl0rg;3
eskx3j;4
eski87;0
eska86;35
esk32c;2
esju3g;10
esjg2w;9
esjbrv;4
esiwvq;2
esiiun;6
eshx21;0
eshm8n;4
eshbaj;0
esh60h;2
esh1su;0
esgxgz;9
esg6im;7
esg1f7;5
esfsuo;32
esfokc;36
esfgs7;15
esepns;158
esebco;533
ese8ds;2
esdz68;15
esdv7i;0
esdsy9;19
esdd22;0
escaqp;26
esbzum;17
esbvz7;2
esbv8z;11
esbm92;0
esauv6;5
esat14;24
esafp7;0
es9xgs;28
es94vy;73
es8udg;15
es84qj;54
es7tuz;3
es7lyz;40
es773w;1
es6obh;0
es6lxh;3
es5yvu;17
es5xkd;19
es53hq;0
es5166;2
es5128;0
es4w0f;3
es3w4k;2
es3rsw;10
es3ogx;50
es3h09;1
es34qi;0
es2l02;0
es2hci;0
es1xdc;12
es1wau;3
es1d13;1
es1bce;15
es109o;1
es0lrr;18
es0jlv;8
es0huv;0
es04ta;26
erzij8;5
erzbsm;51
eryzip;2
eryh0i;1
eryfyb;11
eryd5f;15
eryai7;25
erxjbl;0
erxcta;2
erx81q;0
erx5bs;0
erwkka;7
erwj9f;9
erw0sq;21
ervxyf;5
ervsl5;1
ervns0;8
ervh1q;1
ervfol;90
erv8a2;0
erv7sf;0
erv6lr;9
erv0ns;6
erut3h;6
eru82r;0
eru6ta;26
eru5ve;10
ertwcx;0
ertf42;42
ersy17;111
ersgax;14
errsio;20
errkm2;54
err3he;0
erqavw;2
erpnqc;5
erpj8b;102
erpb9r;0
eroncs;9
erog94;0
ero7t0;1
ero3l1;1
ernz2y;2
erntjx;10
ernqjl;17
erney4;6
ermzqi;1
ermh18;5
erm3p1;0
erkzxp;4
erkqj0;1
erkpgf;4
erk6kh;50
erjy5b;68
erjmxc;0
erjizl;6
erjih9;1
erjcok;1
eriz8q;85
erimqh;11
erh7al;10
ergyi8;147
ergsew;4
ergq49;1
ergote;0
ergn5a;44
ergmvn;5
ergcil;0
erfm27;23
erf5p9;9
erf3ri;0
erejbh;18
erdu87;6
erdko8;0
erdi0a;5
erd0fh;65
ercv48;7
erc3zr;4
et0kmq;0
et0hyz;0
et0gdm;0
et08xq;3
et06u9;12
eszme3;3
eszerl;0
eszduu;0
esz21y;0
esz0ra;3
esyla1;19
esyfb1;2
esy44t;12
esxvjs;0
esxtat;0
esxmrd;0
esxgzj;78
esxfs7;19
esxcio;19
esx9ox;9
esx7um;0
esx3ak;2
esx2x1;13
esx0pe;4
eswyg3;0
eswwih;7
eswhbw;3
esw7gt;11
esw78d;0
esw6ol;3
esw0kd;1
esvun5;24
esvam1;4
esv6ow;0
esv5i2;6
esuwqx;4
esus7c;0
esuqpl;0
esumzr;11
et16xp;0
